sample_index,true_cfr_power,rms_scale,absolute_prediction_mse,existing_nmse_db,total_uncertainty,normalized_absolute_prediction_mse,normalized_nmse_db,normalized_total_uncertainty,aleatoric,epistemic,normalized_aleatoric,normalized_epistemic,regime
0,1.8865152597427368,1.3735047578811646,0.12428261339664459,-17.83333396911621,0.0372312106192112,0.0658794641494751,-17.83333396911621,0.019735442474484444,0.032595034688711166,0.004636176396161318,0.017277907580137253,0.0024575344286859035,ID-Easy 20 ns
1,0.6629672050476074,0.8142279982566833,0.04717900604009628,-17.500625610351562,0.02194957807660103,0.07116341590881348,-17.500625610351562,0.03310808911919594,0.019540518522262573,0.002409059787169099,0.02947433665394783,0.0036337540950626135,ID-Easy 20 ns
2,1.528120994567871,1.2361719608306885,0.1043737381696701,-17.676504135131836,0.03130388632416725,0.06830201297998428,-17.676504135131836,0.02048521488904953,0.02752625197172165,0.0037776336539536715,0.018013136461377144,0.0024720774963498116,ID-Easy 20 ns
3,0.7047543525695801,0.8394964933395386,0.053929541260004044,-17.181459426879883,0.021139856427907944,0.07652246206998825,-17.181459426879883,0.02999606356024742,0.018831484019756317,0.0023083719424903393,0.02672063559293747,0.003275427734479308,ID-Easy 20 ns
4,0.8406726121902466,0.9168819785118103,0.05728765204548836,-17.686962127685547,0.019355762749910355,0.0681450292468071,-17.686962127685547,0.023024138063192368,0.017329759895801544,0.002026003086939454,0.02061416022479534,0.0024099787697196007,ID-Easy 20 ns
5,1.469306230545044,1.2121493816375732,0.10303198546171188,-17.561870574951172,0.027481717988848686,0.07012287527322769,-17.561870574951172,0.018703874200582504,0.02441299334168434,0.0030687241815030575,0.01661531999707222,0.00208855327218771,ID-Easy 20 ns
6,0.9169277548789978,0.9575634598731995,0.06676697731018066,-17.396711349487305,0.02144792675971985,0.07281596213579178,-17.396711349487305,0.023391075432300568,0.019095953553915024,0.0023519734386354685,0.02082601748406887,0.002565058646723628,ID-Easy 20 ns
7,0.8806461095809937,0.9384274482727051,0.07118924707174301,-16.945606231689453,0.023627035319805145,0.08083751797676086,-16.945606231689453,0.026829207316040993,0.020901544019579887,0.002725491765886545,0.023734329268336296,0.0030948773492127657,ID-Easy 20 ns
8,0.9184272885322571,0.9583461284637451,0.06729822605848312,-17.37066650390625,0.021813828498125076,0.07327549904584885,-17.37066650390625,0.023751286789774895,0.019397249445319176,0.002416579984128475,0.021120071411132812,0.002631215378642082,ID-Easy 20 ns
9,0.6785873174667358,0.8237640857696533,0.046480942517519,-17.663972854614258,0.020923804491758347,0.06849662959575653,-17.663972854614258,0.030834360048174858,0.018581856042146683,0.0023419491481035948,0.027383146807551384,0.003451212774962187,ID-Easy 20 ns
10,0.8909404873847961,0.9438964128494263,0.07286588102579117,-16.89407730102539,0.020837655290961266,0.08178535848855972,-16.89407730102539,0.02338838018476963,0.018572207540273666,0.00226544844917953,0.020845619961619377,0.0025427606888115406,ID-Easy 20 ns
11,1.0037152767181396,1.0018559694290161,0.07866986095905304,-17.07863426208496,0.023526471108198166,0.07837864756584167,-17.07863426208496,0.02343938872218132,0.020828066393733025,0.0026984054129570723,0.020750971511006355,0.002688417211174965,ID-Easy 20 ns
12,1.2173177003860474,1.1033211946487427,0.08674624562263489,-17.492223739624023,0.024596717208623886,0.07126016914844513,-17.492223739624023,0.0202056672424078,0.021862061694264412,0.0027346545830368996,0.01795920729637146,0.002246459247544408,ID-Easy 20 ns
13,2.231369972229004,1.4937770366668701,0.13976235687732697,-18.052223205566406,0.03249945864081383,0.06263522058725357,-18.052227020263672,0.014564801007509232,0.02856750227510929,0.0039319563657045364,0.012802674435079098,0.0017621265724301338,ID-Easy 20 ns
14,1.6048206090927124,1.266815185546875,0.1022869348526001,-17.975833892822266,0.030525509268045425,0.06373729556798935,-17.975833892822266,0.019021134823560715,0.027022093534469604,0.0035034166648983955,0.01683807745575905,0.0021830580662935972,ID-Easy 20 ns
15,2.6157150268554688,1.6173171997070312,0.15405015647411346,-18.319992065429688,0.028387557715177536,0.058894094079732895,-18.319992065429688,0.010852694511413574,0.024996209889650345,0.003391347359865904,0.00955616682767868,0.0012965278001502156,ID-Easy 20 ns
16,0.7555476427078247,0.8692224621772766,0.04899299144744873,-17.90252113342285,0.021581988781690598,0.06484434008598328,-17.90252113342285,0.02856469713151455,0.019189029932022095,0.00239295931532979,0.025397511199116707,0.0031671852339059114,ID-Easy 20 ns
17,0.792253315448761,0.8900861144065857,0.05530858412384987,-17.584712982177734,0.02228490635752678,0.06981173902750015,-17.584712982177734,0.02812851220369339,0.019795648753643036,0.0024892573710530996,0.024986514821648598,0.003141996683552861,ID-Easy 20 ns
18,0.8883494138717651,0.9425228834152222,0.05292113870382309,-18.270397186279297,0.02524762600660324,0.05957244336605072,-18.270397186279297,0.0284208282828331,0.0223145242780447,0.0029331024270504713,0.025119084864854813,0.0033017441164702177,ID-Easy 20 ns
19,1.1373186111450195,1.0664514303207397,0.06389395892620087,-18.52596092224121,0.02320750616490841,0.0561794750392437,-18.52596092224121,0.02040545642375946,0.020495109260082245,0.0027123973704874516,0.018020551651716232,0.002384905470535159,ID-Easy 20 ns
20,0.5716480612754822,0.7560741305351257,0.04360125958919525,-17.195045471191406,0.019585125148296356,0.07627289742231369,-17.195045471191406,0.03426080942153931,0.017455117776989937,0.0021300078369677067,0.03053472749888897,0.0037260823883116245,ID-Easy 20 ns
21,0.8588480949401855,0.9267405867576599,0.05189315974712372,-18.208602905273438,0.02270584926009178,0.060421817004680634,-18.208602905273438,0.026437560096383095,0.0200360044836998,0.0026698445435613394,0.023328926414251328,0.0031086341477930546,ID-Easy 20 ns
22,0.4071824550628662,0.638108491897583,0.028904298320412636,-17.51197052001953,0.021437106654047966,0.07098611444234848,-17.51197052001953,0.0526474229991436,0.01905657723546028,0.002380529884248972,0.04680107533931732,0.005846346728503704,ID-Easy 20 ns
23,1.4350922107696533,1.1979533433914185,0.06932301819324493,-19.17991065979004,0.025761153548955917,0.04830561950802803,-19.17991065979004,0.017950868234038353,0.02264823392033577,0.003112918697297573,0.01578172668814659,0.002169142011553049,ID-Easy 20 ns
24,0.7269750833511353,0.8526283502578735,0.059693701565265656,-16.877344131469727,0.02161252684891224,0.08211243897676468,-16.877344131469727,0.029729390516877174,0.019136611372232437,0.002475914778187871,0.02632361464202404,0.003405776573345065,ID-Easy 20 ns
25,0.5679003596305847,0.7535916566848755,0.033656615763902664,-18.292631149291992,0.02050810679793358,0.059265002608299255,-18.292631149291992,0.03611215949058533,0.018324341624975204,0.0021837661042809486,0.032266825437545776,0.003845333121716976,ID-Easy 20 ns
26,1.2475841045379639,1.1169530153274536,0.07536052167415619,-18.21016502380371,0.02207191474735737,0.06040516123175621,-18.21016502380371,0.017691725865006447,0.019605478271842003,0.002466436242684722,0.015714755281805992,0.0019769698847085238,ID-Easy 20 ns
27,1.0296990871429443,1.0147409439086914,0.060884345322847366,-18.301481246948242,0.02398548647761345,0.059128280729055405,-18.301481246948242,0.023293687030673027,0.021181771531701088,0.002803715644404292,0.02057083696126938,0.002722849603742361,ID-Easy 20 ns
28,0.4894072711467743,0.6995764970779419,0.029505621641874313,-18.216880798339844,0.01987350918352604,0.060288477689027786,-18.216880798339844,0.040607303380966187,0.017717890441417694,0.002155619440600276,0.036202751100063324,0.004404551349580288,ID-Easy 20 ns
29,0.7541944980621338,0.8684437274932861,0.05316680669784546,-17.5399169921875,0.022256173193454742,0.07049482315778732,-17.539913177490234,0.029509859159588814,0.019747646525502205,0.002508527133613825,0.026183757930994034,0.0033261009957641363,ID-Easy 20 ns
30,1.949432134628296,1.3962206840515137,0.1272001564502716,-17.874738693237305,0.02924608439207077,0.06524985283613205,-17.874738693237305,0.015002360567450523,0.025968259200453758,0.0032778247259557247,0.01332093495875597,0.0016814253758639097,ID-Easy 20 ns
31,1.236194372177124,1.1118427515029907,0.07694366574287415,-18.080732345581055,0.02468680962920189,0.06224237382411957,-18.080732345581055,0.019970007240772247,0.02180919237434864,0.0028776174876838923,0.017642203718423843,0.002327803522348404,ID-Easy 20 ns
32,1.0160373449325562,1.0079867839813232,0.07489914447069168,-17.34423065185547,0.022560521960258484,0.0737169086933136,-17.34423065185547,0.02220442332327366,0.020016800612211227,0.002543722279369831,0.019700851291418076,0.002503571566194296,ID-Easy 20 ns
33,1.1640653610229492,1.0789185762405396,0.09435560554265976,-16.932636260986328,0.022502318024635315,0.08105697482824326,-16.932634353637695,0.01933080330491066,0.019844865426421165,0.002657451666891575,0.01704789698123932,0.0022829058580100536,ID-Easy 20 ns
34,0.9537686109542847,0.9766107797622681,0.057688601315021515,-18.204313278198242,0.025677474215626717,0.06048490107059479,-18.204313278198242,0.02692212164402008,0.022665446624159813,0.0030120278242975473,0.023764094337821007,0.003158027771860361,ID-Easy 20 ns
35,1.3366475105285645,1.1561347246170044,0.07802692800760269,-18.358848571777344,0.02595745027065277,0.058375097811222076,-18.358848571777344,0.019419819116592407,0.02293548919260502,0.003021962009370327,0.01715896651148796,0.0022608519066125154,ID-Easy 20 ns
36,0.6293691992759705,0.7933279275894165,0.05137455835938454,-16.90399169921875,0.021989380940794945,0.08162864297628403,-16.90399169921875,0.0349387601017952,0.019546406343579292,0.002442974364385009,0.031057137995958328,0.003881623735651374,ID-Easy 20 ns
37,0.7214887142181396,0.8494049310684204,0.04547066614031792,-18.023956298828125,0.019579363986849785,0.0630233958363533,-18.023956298828125,0.027137449011206627,0.01753184013068676,0.0020475233905017376,0.024299534037709236,0.002837914740666747,ID-Easy 20 ns
38,0.9105758666992188,0.9542409777641296,0.05265551805496216,-18.400772094726562,0.02316208742558956,0.05782661586999893,-18.400772094726562,0.025436745956540108,0.020538773387670517,0.0026233133394271135,0.02255580760538578,0.0028809388168156147,ID-Easy 20 ns
39,1.5762807130813599,1.2555001974105835,0.10961269587278366,-17.59958839416504,0.027502596378326416,0.06953881680965424,-17.59958839416504,0.017447777092456818,0.024331267923116684,0.0031713275238871574,0.015435872599482536,0.0020119051914662123,ID-Easy 20 ns
40,0.646487832069397,0.8040446639060974,0.04014987871050835,-18.089265823364258,0.022706501185894012,0.06210462376475334,-18.089265823364258,0.03512285649776459,0.020138410851359367,0.0025680894032120705,0.031150486320257187,0.003972370643168688,ID-Easy 20 ns
41,1.682077407836914,1.2969492673873901,0.10401542484760284,-18.10854148864746,0.031842224299907684,0.06183747947216034,-18.10854148864746,0.01893029734492302,0.0278730820864439,0.003969142213463783,0.01657062955200672,0.0023596668615937233,ID-Easy 20 ns
42,0.9056804776191711,0.9516724348068237,0.04501523822546005,-19.055906295776367,0.021768849343061447,0.04970322549343109,-19.055906295776367,0.024035904556512833,0.019432557746767998,0.0023362908978015184,0.02145630680024624,0.0025795972906053066,ID-Easy 20 ns
43,0.7894662022590637,0.8885191082954407,0.06045927107334137,-17.17809295654297,0.023155521601438522,0.07658247649669647,-17.17809295654297,0.029330605641007423,0.020516034215688705,0.0026394871529191732,0.02598722279071808,0.003343382151797414,ID-Easy 20 ns
44,0.7723915576934814,0.8788580894470215,0.051030050963163376,-17.822208404541016,0.023650605231523514,0.06606759130954742,-17.82221031188965,0.030619969591498375,0.020865416154265404,0.0027851900085806847,0.02701403945684433,0.003605930134654045,ID-Easy 20 ns
45,0.8595621585845947,0.9271257519721985,0.0552358441054821,-17.94037437438965,0.022518949583172798,0.06426043808460236,-17.94037437438965,0.026198163628578186,0.0200174693018198,0.002501480281352997,0.023287983611226082,0.002910179551690817,ID-Easy 20 ns
46,0.37169402837753296,0.6096671223640442,0.033242542296648026,-16.507863998413086,0.019055139273405075,0.08943524211645126,-16.507863998413086,0.0512656606733799,0.016963962465524673,0.002091177273541689,0.04563958942890167,0.005626071710139513,ID-Easy 20 ns
47,1.1501305103302002,1.0724413394927979,0.06923189014196396,-18.224369049072266,0.027640877291560173,0.06019481644034386,-18.224369049072266,0.024032816290855408,0.02446906641125679,0.0031718104146420956,0.021275034174323082,0.0027577830478549004,ID-Easy 20 ns
48,0.9451629519462585,0.9721949100494385,0.0585801936686039,-18.097618103027344,0.019885607063770294,0.061978936195373535,-18.097618103027344,0.021039342507719994,0.01769554428756237,0.0021900623105466366,0.01872221566736698,0.0023171266075223684,ID-Easy 20 ns
49,1.496848225593567,1.2234574556350708,0.08552052080631256,-18.45229721069336,0.028264809399843216,0.05713373422622681,-18.45229721069336,0.018882881850004196,0.024947505444288254,0.003317303257063031,0.01666668988764286,0.0022161921951919794,ID-Easy 20 ns
50,0.8045619130134583,0.896973729133606,0.03945612162351608,-19.11444091796875,0.023965205997228622,0.049040500074625015,-19.11444091796875,0.02978665381669998,0.021303074434399605,0.0026621317956596613,0.026477856561541557,0.003308796789497137,ID-Easy 20 ns
51,0.6619294881820679,0.8135904669761658,0.05178733542561531,-17.089981079101562,0.023185888305306435,0.07823694497346878,-17.089981079101562,0.03502773120999336,0.020611343905329704,0.0025745441671460867,0.031138276681303978,0.0038894538301974535,ID-Easy 20 ns
52,1.0451972484588623,1.0223488807678223,0.05596546456217766,-18.73428726196289,0.024336697533726692,0.05354536324739456,-18.73428726196289,0.0232843104749918,0.021586891263723373,0.002749806037172675,0.020653413608670235,0.00263089663349092,ID-Easy 20 ns
53,0.5631517171859741,0.7504343390464783,0.0427267923951149,-17.219703674316406,0.02230108715593815,0.07587083429098129,-17.219703674316406,0.039600495249032974,0.019761567935347557,0.0025395189877599478,0.03509102016687393,0.00450947554782033,ID-Easy 20 ns
54,0.8337419033050537,0.913094699382782,0.06113196164369583,-17.36868667602539,0.019342267885804176,0.07332240045070648,-17.36868667602539,0.02319934591650963,0.01722130738198757,0.0021209598053246737,0.020655442029237747,0.002543904585763812,ID-Easy 20 ns
55,0.5934394598007202,0.7703502178192139,0.043131157755851746,-17.406742095947266,0.019601523876190186,0.07267996668815613,-17.406742095947266,0.03303036838769913,0.01742503046989441,0.0021764941047877073,0.02936277724802494,0.0036675925366580486,ID-Easy 20 ns
56,1.257561445236206,1.1214104890823364,0.0811207965016365,-17.924192428588867,0.02767099440097809,0.0645064264535904,-17.924192428588867,0.022003691643476486,0.024486826732754707,0.0031841681338846684,0.019471673294901848,0.002532017882913351,ID-Easy 20 ns
57,0.7537163496017456,0.8681684136390686,0.05966997891664505,-17.035810470581055,0.023433908820152283,0.0791676864027977,-17.035810470581055,0.031091151759028435,0.02077886275947094,0.002655046759173274,0.027568545192480087,0.0035226072650402784,ID-Easy 20 ns
58,1.594334602355957,1.2626696825027466,0.1156419888138771,-17.415142059326172,0.03197917714715004,0.07253307849168777,-17.415142059326172,0.020058007910847664,0.028054676949977875,0.003924498800188303,0.017596479505300522,0.002461527707055211,ID-Easy 20 ns
59,1.1375799179077148,1.0665738582611084,0.06601627916097641,-18.38383674621582,0.02398386411368847,0.05803221836686134,-18.38383674621582,0.02108323574066162,0.021242909133434296,0.0027409547474235296,0.018673773854970932,0.002409461187198758,ID-Easy 20 ns
60,0.8667618036270142,0.9310004115104675,0.06147611141204834,-17.513582229614258,0.023395400494337082,0.07092618942260742,-17.513582229614258,0.02699173055589199,0.02080998569726944,0.0025854152627289295,0.024008886888623238,0.0029828441329300404,ID-Easy 20 ns
61,1.0701313018798828,1.0344715118408203,0.06258997321128845,-18.350345611572266,0.02350310981273651,0.05848812684416771,-18.350345611572266,0.021962827071547508,0.020893407985568047,0.0026097013615071774,0.01952415332198143,0.002438673982396722,ID-Easy 20 ns
62,0.3894616365432739,0.6240686178207397,0.033834002912044525,-16.633251190185547,0.01861739717423916,0.08687377721071243,-16.633251190185547,0.04780290648341179,0.01659003086388111,0.0020273670088499784,0.042597342282533646,0.005205562803894281,ID-Easy 20 ns
63,1.6081467866897583,1.2681273221969604,0.10724355280399323,-17.780595779418945,0.022516682744026184,0.06668766587972641,-17.780595779418945,0.014001634903252125,0.019973210990428925,0.002543472684919834,0.012420017272233963,0.0015816172817721963,ID-Easy 20 ns
64,0.838918924331665,0.915925145149231,0.05264878645539284,-18.045841217041016,0.022393040359020233,0.06275790184736252,-18.045841217041016,0.02669273503124714,0.019853848963975906,0.0025391916278749704,0.02366599254310131,0.0030267424881458282,ID-Easy 20 ns
65,1.6855735778808594,1.2982964515686035,0.10647560656070709,-18.015857696533203,0.033243611454963684,0.06316876411437988,-18.015857696533203,0.019722431898117065,0.02902805805206299,0.004215554799884558,0.017221471294760704,0.002500961534678936,ID-Easy 20 ns
66,0.7051317691802979,0.8397212624549866,0.05056052282452583,-17.46686553955078,0.01979864202439785,0.07170365005731583,-17.46686553955078,0.028077930212020874,0.017622793093323708,0.0021758482325822115,0.0249921977519989,0.0030857326928526163,ID-Easy 20 ns
67,0.9752064347267151,0.9875254034996033,0.05680947005748749,-18.36785888671875,0.020074889063835144,0.05825378745794296,-18.36785888671875,0.02058527246117592,0.017948541790246964,0.0021263479720801115,0.01840486377477646,0.002180407987907529,ID-Easy 20 ns
68,0.828784167766571,0.9103758335113525,0.052868302911520004,-17.972261428833008,0.019634004682302475,0.06379019469022751,-17.972261428833008,0.023690130561590195,0.01751558855175972,0.0021184163633733988,0.02113407664000988,0.0025560532230883837,ID-Easy 20 ns
69,1.030606746673584,1.0151879787445068,0.06175446882843971,-18.244346618652344,0.02288440428674221,0.059920500963926315,-18.244346618652344,0.022204788401722908,0.020470311865210533,0.0024140924215316772,0.01986238919198513,0.0023423992097377777,ID-Easy 20 ns
70,1.7016667127609253,1.3044794797897339,0.10560844838619232,-18.092304229736328,0.026207752525806427,0.062061771750450134,-18.092304229736328,0.015401226468384266,0.023329418152570724,0.002878335304558277,0.013709746301174164,0.0016914800507947803,ID-Easy 20 ns
71,1.3924849033355713,1.180035948753357,0.08421303331851959,-18.205692291259766,0.0269293412566185,0.06047681346535683,-18.205692291259766,0.019339054822921753,0.023766804486513138,0.003162537468597293,0.017067907378077507,0.002271146746352315,ID-Easy 20 ns
72,0.6311197876930237,0.7944304943084717,0.04703810065984726,-17.29559326171875,0.023674150928854942,0.0745311751961708,-17.29559326171875,0.037511344999074936,0.020973600447177887,0.0027005509473383427,0.03323236107826233,0.004278982989490032,ID-Easy 20 ns
73,1.1963424682617188,1.093774437904358,0.07393480837345123,-18.110496520996094,0.02425510436296463,0.06180070340633392,-18.11050033569336,0.020274382084608078,0.02150406688451767,0.0027510379441082478,0.017974842339754105,0.0022995404433459044,ID-Easy 20 ns
74,0.9773389101028442,0.9886045455932617,0.070851631462574,-17.414836883544922,0.022516418248414993,0.07249442487955093,-17.414836883544922,0.02303849533200264,0.02001764066517353,0.0024987778160721064,0.020481780171394348,0.0025567158591002226,ID-Easy 20 ns
75,1.4682347774505615,1.211707353591919,0.07727502286434174,-18.80891990661621,0.02134469524025917,0.05263124406337738,-18.80891990661621,0.014537657611072063,0.01911154016852379,0.0022331541404128075,0.013016678392887115,0.0015209788689389825,ID-Easy 20 ns
76,1.0476856231689453,1.0235651731491089,0.07668771594762802,-17.374832153320312,0.023880038410425186,0.07319725304841995,-17.374832153320312,0.022793132811784744,0.02119944803416729,0.0026805901434272528,0.020234551280736923,0.0025585824623703957,ID-Easy 20 ns
77,1.3158543109893799,1.1471068859100342,0.08919987827539444,-17.708698272705078,0.019473157823085785,0.06778857111930847,-17.708698272705078,0.01479887031018734,0.017354799434542656,0.002118357690051198,0.013188997283577919,0.0016098725609481335,ID-Easy 20 ns
78,1.0627827644348145,1.0309135913848877,0.09246538579463959,-16.625093460083008,0.022285815328359604,0.08700308203697205,-16.625093460083008,0.02096930332481861,0.019832229241728783,0.0024535858538001776,0.018660660833120346,0.0023086429573595524,ID-Easy 20 ns
79,0.8762109875679016,0.936061441898346,0.06842752546072006,-17.094942092895508,0.021275321021676064,0.07809479534626007,-17.094942092895508,0.02428104728460312,0.018975643441081047,0.0022996768821030855,0.021656477823853493,0.00262456969358027,ID-Easy 20 ns
80,0.7448420524597168,0.8630422949790955,0.04858649894595146,-17.875669479370117,0.018395209684967995,0.06523061543703079,-17.875669479370117,0.024696793407201767,0.01648412086069584,0.0019110881257802248,0.02213102951645851,0.002565762959420681,ID-Easy 20 ns
81,0.37003278732299805,0.6083031892776489,0.03126601129770279,-16.752368927001953,0.019328972324728966,0.08449523895978928,-16.752368927001953,0.052235838025808334,0.01725093275308609,0.0020780398044735193,0.04662001132965088,0.005615826230496168,ID-Easy 20 ns
82,0.9160356521606445,0.9570975303649902,0.06746918708086014,-17.346742630004883,0.023121943697333336,0.0736534520983696,-17.346742630004883,0.025241313502192497,0.020550811663269997,0.002571132266893983,0.02243451029062271,0.0028068036772310734,ID-Easy 20 ns
83,0.5749030113220215,0.7582235932350159,0.047541845589876175,-16.84876251220703,0.023135105147957802,0.08269541710615158,-16.84876251220703,0.04024175554513931,0.020464498549699783,0.002670606365427375,0.03559643775224686,0.004645316395908594,ID-Easy 20 ns
84,0.9106312394142151,0.9542700052261353,0.06254151463508606,-17.651718139648438,0.019898684695363045,0.06867930293083191,-17.651718139648438,0.02185152843594551,0.017741655930876732,0.0021570289973169565,0.0194828100502491,0.002368718385696411,ID-Easy 20 ns
85,0.9421240091323853,0.9706307053565979,0.07661931216716766,-16.919239044189453,0.020335018634796143,0.08132614940404892,-16.919239044189453,0.021584227681159973,0.018034188076853752,0.002300830092281103,0.01914205402135849,0.002442173194140196,ID-Easy 20 ns
86,0.7696667313575745,0.8773065209388733,0.05465168505907059,-17.508533477783203,0.018803121522068977,0.07100694626569748,-17.50853157043457,0.024430211633443832,0.016764817759394646,0.0020383037626743317,0.02178191766142845,0.002648293972015381,ID-Easy 20 ns
87,1.7028027772903442,1.3049148321151733,0.12486227601766586,-17.368364334106445,0.03350549936294556,0.07332750409841537,-17.368364334106445,0.019676677882671356,0.02919432520866394,0.0043111760169267654,0.017144866287708282,0.0025318118277937174,ID-Easy 20 ns
88,0.4883340001106262,0.6988089680671692,0.0383688323199749,-17.067005157470703,0.018674159422516823,0.0785708874464035,-17.067005157470703,0.038240544497966766,0.016632502898573875,0.002041656756773591,0.034059684723615646,0.004180861171334982,ID-Easy 20 ns
89,1.512894868850708,1.2299978733062744,0.11221477389335632,-17.31838035583496,0.02687850594520569,0.07417222857475281,-17.31838035583496,0.017766274511814117,0.023693827912211418,0.0031846771016716957,0.015661252662539482,0.002105022082105279,ID-Easy 20 ns
90,0.7664355635643005,0.87546306848526,0.06003781035542488,-17.083189010620117,0.023479795083403587,0.07833380997180939,-17.083189010620117,0.030635055154561996,0.020862240344285965,0.0026175554376095533,0.027219822630286217,0.003415232291445136,ID-Easy 20 ns
91,0.85700523853302,0.9257457852363586,0.07038130611181259,-16.877090454101562,0.019258374348282814,0.08212471008300781,-16.877090454101562,0.0224717129021883,0.017131255939602852,0.002127119107171893,0.019989674910902977,0.002482037525624037,ID-Easy 20 ns
92,1.5527875423431396,1.2461090087890625,0.08156093209981918,-18.815996170043945,0.028033580631017685,0.05252548307180405,-18.815996170043945,0.01805371232330799,0.024879341945052147,0.003154237987473607,0.016022372990846634,0.0020313390996307135,ID-Easy 20 ns
93,0.7106031179428101,0.8429728150367737,0.04663650318980217,-17.85016632080078,0.019141269847750664,0.06562945991754532,-17.85016632080078,0.02693665400147438,0.0170737411826849,0.0020675286650657654,0.024027112871408463,0.0029095406644046307,ID-Easy 20 ns
94,1.682995080947876,1.2973029613494873,0.11228620260953903,-17.777677536010742,0.03479217737913132,0.06671808660030365,-17.777677536010742,0.02067277580499649,0.030670244246721268,0.0041219331324100494,0.018223609775304794,0.002449165331199765,ID-Easy 20 ns
95,1.1378517150878906,1.0667012929916382,0.06901255249977112,-18.1931209564209,0.027764590457081795,0.06065162643790245,-18.1931209564209,0.02440088614821434,0.024455124512314796,0.0033094659447669983,0.0214923657476902,0.002908521331846714,ID-Easy 20 ns
96,0.4993036091327667,0.7066141963005066,0.03493497893214226,-17.569198608398438,0.018910184502601624,0.06996739655733109,-17.569198608398438,0.03787311539053917,0.016918044537305832,0.001992139033973217,0.03388328105211258,0.003989835269749165,ID-Easy 20 ns
97,1.2545874118804932,1.1200836896896362,0.07537778466939926,-18.23194122314453,0.023069700226187706,0.06008172035217285,-18.23194122314453,0.018388276919722557,0.020449912175536156,0.002619788283482194,0.016300110146403313,0.0020881672389805317,ID-Easy 20 ns
98,1.0225763320922852,1.0112251043319702,0.04610665515065193,-19.479848861694336,0.021186357364058495,0.045088719576597214,-19.479848861694336,0.020718608051538467,0.018940739333629608,0.0022456187289208174,0.01852256804704666,0.0021960402373224497,ID-Easy 20 ns
99,0.5476210117340088,0.7400141954421997,0.04382873326539993,-16.989055633544922,0.019140699878335,0.0800347849726677,-16.989055633544922,0.03495245426893234,0.017084578052163124,0.0020561213605105877,0.031197812408208847,0.0037546430248767138,ID-Easy 20 ns
100,1.0994338989257812,1.0485389232635498,0.06558888405561447,-18.26409149169922,0.02654598467051983,0.05965696647763252,-18.26409149169922,0.024145137518644333,0.02329421415925026,0.0032517698127776384,0.02118746191263199,0.002957676537334919,ID-Easy 20 ns
101,1.2621397972106934,1.1234499216079712,0.08366470783948898,-17.806903839111328,0.02690913900732994,0.06628799438476562,-17.806903839111328,0.021320251747965813,0.023782070726156235,0.0031270678155124187,0.018842659890651703,0.002477592322975397,ID-Easy 20 ns
102,1.0800210237503052,1.0392405986785889,0.05766068771481514,-18.743907928466797,0.02248157560825348,0.053388483822345734,-18.743907928466797,0.02081586793065071,0.02005453035235405,0.002427045488730073,0.018568648025393486,0.002247220603749156,ID-Easy 20 ns
103,0.9289553761482239,0.9638233184814453,0.050776805728673935,-18.642547607421875,0.02440374717116356,0.054660115391016006,-18.642547607421875,0.026270095258951187,0.021574191749095917,0.002829556120559573,0.02322414144873619,0.003045954741537571,ID-Easy 20 ns
104,1.1570284366607666,1.0756525993347168,0.06940270960330963,-18.240060806274414,0.02095009945333004,0.059983573853969574,-18.240060806274414,0.018106814473867416,0.018732348456978798,0.002217751694843173,0.016190050169825554,0.0019167651189491153,ID-Easy 20 ns
105,0.7311393022537231,0.8550668358802795,0.05150318145751953,-17.542173385620117,0.020780935883522034,0.07044235616922379,-17.542173385620117,0.028422676026821136,0.018549509346485138,0.0022314260713756084,0.02537069097161293,0.0030519848223775625,ID-Easy 20 ns
106,0.44756266474723816,0.6690012216567993,0.04078371822834015,-16.422218322753906,0.0187603197991848,0.0911240503191948,-16.422218322753906,0.041916631162166595,0.016754698008298874,0.002005622023716569,0.03743542358279228,0.004481209442019463,ID-Easy 20 ns
107,1.4694011211395264,1.2121886014938354,0.08545860648155212,-18.373817443847656,0.027646388858556747,0.05815879628062248,-18.373817443847656,0.018814733251929283,0.024486562237143517,0.0031598268542438745,0.01666431501507759,0.002150418236851692,ID-Easy 20 ns
108,0.9768673777580261,0.9883660078048706,0.06470095366239548,-17.810396194458008,0.022945504635572433,0.06623310595750809,-17.810396194458008,0.023488862439990044,0.020375406369566917,0.0025700980331748724,0.020857904106378555,0.0026309590321034193,ID-Easy 20 ns
109,1.4464380741119385,1.2026795148849487,0.0879073292016983,-18.183610916137695,0.028049029409885406,0.060775041580200195,-18.183610916137695,0.019391793757677078,0.024555034935474396,0.003493993543088436,0.016976209357380867,0.002415584633126855,ID-Easy 20 ns
110,1.2413967847824097,1.1141798496246338,0.08384464681148529,-17.723783493041992,0.02419932559132576,0.06754057109355927,-17.723783493041992,0.019493626430630684,0.02155192382633686,0.0026474010664969683,0.017361028119921684,0.0021325985435396433,ID-Easy 20 ns
111,0.8438762426376343,0.9186273813247681,0.05302775651216507,-18.038503646850586,0.023058610036969185,0.06283830851316452,-18.038503646850586,0.027324635535478592,0.020543145015835762,0.002515465021133423,0.024343788623809814,0.002980845980346203,ID-Easy 20 ns
112,0.48487135767936707,0.6963270306587219,0.047081172466278076,-16.150959014892578,0.01966363936662674,0.09710033982992172,-16.150959014892578,0.04055434465408325,0.01757434941828251,0.0020892906468361616,0.03624538704752922,0.004308958537876606,ID-Easy 20 ns
113,0.8410427570343018,0.9170838594436646,0.06115450710058212,-17.4031982421875,0.019136905670166016,0.07271271198987961,-17.4031982421875,0.02275378443300724,0.017062265425920486,0.002074640244245529,0.020287036895751953,0.002466747537255287,ID-Easy 20 ns
114,1.2651612758636475,1.1247938871383667,0.07876823097467422,-18.077919006347656,0.024828244000673294,0.06225943565368652,-18.077919006347656,0.01962457038462162,0.022194581106305122,0.0026336635928601027,0.01754288747906685,0.0020816822070628405,ID-Easy 20 ns
115,0.8554909825325012,0.9249275326728821,0.05904234200716019,-17.63011360168457,0.020686239004135132,0.0690157413482666,-17.63011360168457,0.024180546402931213,0.01847267895936966,0.002213559579104185,0.02159307338297367,0.0025874727871268988,ID-Easy 20 ns
116,1.077329397201538,1.0379447937011719,0.07754778861999512,-17.447717666625977,0.024488773196935654,0.0719815120100975,-17.447717666625977,0.022730998694896698,0.02167034149169922,0.002818431006744504,0.020114870741963387,0.002616127487272024,ID-Easy 20 ns
117,1.160736322402954,1.0773746967315674,0.06018912419676781,-18.872854232788086,0.02131900005042553,0.051854267716407776,-18.872854232788086,0.018366791307926178,0.019055267795920372,0.0022637327201664448,0.016416534781455994,0.0019502558279782534,ID-Easy 20 ns
118,2.2605605125427246,1.5035160779953003,0.16453981399536133,-17.400299072265625,0.028276855126023293,0.07278716564178467,-17.400299072265625,0.01250878069549799,0.024878809228539467,0.003398045664653182,0.011005593463778496,0.0015031872317194939,ID-Easy 20 ns
119,0.728416919708252,0.853473424911499,0.06233557313680649,-16.696931838989258,0.018290678039193153,0.08557678014039993,-16.696931838989258,0.02511017769575119,0.016344362869858742,0.001946315518580377,0.02243819832801819,0.0026719800662249327,ID-Easy 20 ns
120,0.4036133885383606,0.6353057622909546,0.03530768305063248,-16.601240158081055,0.02031075209379196,0.08747895807027817,-16.601240158081055,0.05032229423522949,0.018048563972115517,0.0022621878888458014,0.0447174571454525,0.005604838486760855,ID-Easy 20 ns
121,1.1826808452606201,1.0875113010406494,0.08142706006765366,-17.64067268371582,0.02860507369041443,0.06884956359863281,-17.640670776367188,0.024186639115214348,0.025219198316335678,0.003385875141248107,0.021323757246136665,0.002862881636247039,ID-Easy 20 ns
122,0.6802526712417603,0.8247743248939514,0.04477442055940628,-17.837575912475586,0.019251104444265366,0.06582028418779373,-17.837575912475586,0.028299931436777115,0.017180712893605232,0.0020703915506601334,0.02525636926293373,0.003043562639504671,ID-Easy 20 ns
123,1.2513360977172852,1.118631362915039,0.06889443099498749,-18.613487243652344,0.028772681951522827,0.05505669116973877,-18.613489151000977,0.02299356833100319,0.025392374023795128,0.003380307462066412,0.020292209461331367,0.002701358636841178,ID-Easy 20 ns
124,1.0705742835998535,1.0346856117248535,0.0668460950255394,-18.065322875976562,0.02350807376205921,0.06243947520852089,-18.065322875976562,0.021958377212285995,0.020876344293355942,0.0026317299343645573,0.019500136375427246,0.0024582413025200367,ID-Easy 20 ns
125,0.4429802894592285,0.6655676364898682,0.03725286200642586,-16.773157119750977,0.0175224170088768,0.08409597724676132,-16.773157119750977,0.03955574706196785,0.01566796749830246,0.0018544496269896626,0.03536944463849068,0.00418630288913846,ID-Easy 20 ns
126,1.9633197784423828,1.401185154914856,0.11366736143827438,-18.39447021484375,0.030239924788475037,0.0578954853117466,-18.39447021484375,0.015402445569634438,0.0267525352537632,0.0034873902332037687,0.01362617313861847,0.0017762721981853247,ID-Easy 20 ns
127,1.8202645778656006,1.349171757698059,0.141574889421463,-17.112411499023438,0.025303099304437637,0.07777708023786545,-17.112411499023438,0.01390078105032444,0.02239823155105114,0.002904867520555854,0.012304931879043579,0.001595849054865539,ID-Easy 20 ns
128,1.4363510608673096,1.1984786987304688,0.07680810242891312,-18.737287521362305,0.027007730677723885,0.053474459797143936,-18.737287521362305,0.01880301535129547,0.023706866428256035,0.0033008649479597807,0.0165049247443676,0.0022980906069278717,ID-Easy 20 ns
129,0.4530981183052063,0.6731256246566772,0.030606990680098534,-17.722002029418945,0.02024466171860695,0.06755047291517258,-17.722002029418945,0.04468052461743355,0.017995435744524002,0.0022492255084216595,0.03971642255783081,0.004964102525264025,ID-Easy 20 ns
130,0.3245713412761688,0.5697116255760193,0.022640522569417953,-17.583648681640625,0.019107744097709656,0.06975515186786652,-17.583648681640625,0.05887070298194885,0.017015056684613228,0.0020926869474351406,0.05242316424846649,0.00644754059612751,ID-Easy 20 ns
131,1.0977582931518555,1.0477396249771118,0.10072707384824753,-16.394054412841797,0.025271976366639137,0.09175705909729004,-16.394054412841797,0.02302144095301628,0.02226862870156765,0.0030033481307327747,0.020285548642277718,0.00273589207790792,ID-Easy 20 ns
132,1.915346384048462,1.3839603662490845,0.128599151968956,-17.75054931640625,0.033477187156677246,0.06714145094156265,-17.75054931640625,0.017478397116065025,0.02924835868179798,0.004228827077895403,0.015270532108843327,0.002207865472882986,ID-Easy 20 ns
133,1.5793378353118896,1.2567170858383179,0.09242609888315201,-18.346637725830078,0.027221960946917534,0.0585220567882061,-18.346637725830078,0.017236312851309776,0.024033626541495323,0.0031883344054222107,0.015217533335089684,0.002018779283389449,ID-Easy 20 ns
134,0.8810147643089294,0.93862384557724,0.06000612676143646,-17.685997009277344,0.022314516827464104,0.06811024248600006,-17.685997009277344,0.025328198447823524,0.019767098128795624,0.0025474189314991236,0.02243673801422119,0.0028914599679410458,ID-Easy 20 ns
135,1.655992865562439,1.2868539094924927,0.11859457939863205,-17.47021484375,0.027854982763528824,0.07161538302898407,-17.47021484375,0.016820713877677917,0.02442234940826893,0.0034326340537518263,0.014747858978807926,0.0020728555973619223,ID-Easy 20 ns
136,0.977561891078949,0.9887173175811768,0.06370226293802261,-17.880264282226562,0.023701507598161697,0.06516443192958832,-17.880264282226562,0.024245530366897583,0.02109658345580101,0.0026049248408526182,0.021580815315246582,0.0026647159829735756,ID-Easy 20 ns
137,0.7993580102920532,0.8940682411193848,0.060504913330078125,-17.2301025390625,0.022785209119319916,0.07569187134504318,-17.2301025390625,0.02850438468158245,0.02025487832725048,0.0025303298607468605,0.025338932871818542,0.0031654525082558393,ID-Easy 20 ns
138,1.113083839416504,1.0550278425216675,0.08384273946285248,-17.2500057220459,0.028598090633749962,0.07532472908496857,-17.2500057220459,0.025692665949463844,0.02522539533674717,0.0033726959954947233,0.02266261912882328,0.0030300465878099203,ID-Easy 20 ns
139,1.2042765617370605,1.0973953008651733,0.08192021399736404,-17.694055557250977,0.02504081465303898,0.0680244117975235,-17.694055557250977,0.020793242380023003,0.02216600440442562,0.0028748095501214266,0.01840607449412346,0.002387167187407613,ID-Easy 20 ns
140,0.5399625301361084,0.7348214387893677,0.03657178208231926,-17.714645385742188,0.020839404314756393,0.06773021817207336,-17.714645385742188,0.038594163954257965,0.01856963522732258,0.0022697686217725277,0.03439059853553772,0.004203566815704107,ID-Easy 20 ns
141,1.2904213666915894,1.1359671354293823,0.09608063846826553,-17.302104949951172,0.02534238062798977,0.07445679605007172,-17.302104949951172,0.019638841971755028,0.022283796221017838,0.003058584639802575,0.017268620431423187,0.0023702215403318405,ID-Easy 20 ns
142,1.199395775794983,1.0951693058013916,0.08339183777570724,-17.598709106445312,0.02373233437538147,0.06952819973230362,-17.598709106445312,0.019786909222602844,0.021063489839434624,0.002668845234438777,0.01756175048649311,0.0022251580376178026,ID-Easy 20 ns
143,1.3093239068984985,1.1442569494247437,0.09918212890625,-17.2269344329834,0.02692297473549843,0.07575063407421112,-17.2269344329834,0.02056250162422657,0.02371501922607422,0.003207956440746784,0.018112415447831154,0.0024500861763954163,ID-Easy 20 ns
144,1.5690029859542847,1.252598524093628,0.08266300708055496,-18.802946090698242,0.02475038915872574,0.05268504470586777,-18.802946090698242,0.015774596482515335,0.022043509408831596,0.002706879051402211,0.01404937356710434,0.0017252223333343863,ID-Easy 20 ns
145,1.5008630752563477,1.2250971794128418,0.12085001915693283,-16.961027145385742,0.025405986234545708,0.08052035421133041,-16.961027145385742,0.016927585005760193,0.02244577743113041,0.002960208570584655,0.014955246821045876,0.0019723374862223864,ID-Easy 20 ns
146,1.3920924663543701,1.1798696517944336,0.09475091099739075,-17.692790985107422,0.02705068327486515,0.06806366890668869,-17.692790985107422,0.019431671127676964,0.023789482191205025,0.003261200850829482,0.017089009284973145,0.0023426611442118883,ID-Easy 20 ns
147,0.7249165177345276,0.8514202833175659,0.04888005927205086,-17.73103141784668,0.021885298192501068,0.06742854416370392,-17.73103141784668,0.03019009344279766,0.019531914964318275,0.0023533825296908617,0.026943674311041832,0.0032464186660945415,ID-Easy 20 ns
148,1.0576343536376953,1.0284135341644287,0.07077228277921677,-17.7664852142334,0.021017082035541534,0.06691564619541168,-17.766483306884766,0.019871782511472702,0.01873498037457466,0.002282100962474942,0.017714042216539383,0.00215774099342525,ID-Easy 20 ns
149,0.7794740796089172,0.882878303527832,0.05858258530497551,-17.259607315063477,0.023217005655169487,0.0751565471291542,-17.259607315063477,0.02978547476232052,0.020657923072576523,0.002559083281084895,0.02650238573551178,0.0032830897253006697,ID-Easy 20 ns
150,0.5590267181396484,0.7476809024810791,0.038490209728479385,-17.640544891357422,0.019427023828029633,0.06885217130184174,-17.640544891357422,0.03475151211023331,0.017355673015117645,0.0020713515114039183,0.03104623220860958,0.003705281764268875,ID-Easy 20 ns
151,1.2446355819702148,1.11563241481781,0.0804872065782547,-17.913864135742188,0.027666758745908737,0.06466727703809738,-17.913864135742188,0.022228803485631943,0.024445895105600357,0.00322086364030838,0.019641006365418434,0.0025877964217215776,ID-Easy 20 ns
152,1.0890883207321167,1.0435940027236938,0.0636066123843193,-18.356182098388672,0.020000087097287178,0.05840354040265083,-18.356182098388672,0.018364064395427704,0.017896616831421852,0.0021034704986959696,0.016432659700512886,0.0019314049277454615,ID-Easy 20 ns
153,1.1488299369812012,1.0718348026275635,0.07502611726522446,-17.871313095092773,0.021746333688497543,0.06530654430389404,-17.871315002441406,0.018929114565253258,0.019433824345469475,0.0023125088773667812,0.016916189342737198,0.00201292522251606,ID-Easy 20 ns
154,1.111145257949829,1.054108738899231,0.08143539726734161,-17.37437629699707,0.02275669574737549,0.07328960299491882,-17.37437629699707,0.02048039436340332,0.020251067355275154,0.002505627693608403,0.018225399777293205,0.0022549955174326897,ID-Easy 20 ns
155,1.2275347709655762,1.1079416275024414,0.08145392686128616,-17.800500869750977,0.022182276472449303,0.06635570526123047,-17.80050277709961,0.018070589751005173,0.019746819511055946,0.0024354562629014254,0.01608656719326973,0.0019840223249047995,ID-Easy 20 ns
156,1.9581596851348877,1.3993425369262695,0.13245956599712372,-17.720457077026367,0.031571075320243835,0.06764493137598038,-17.720457077026367,0.016122831031680107,0.02759849652647972,0.003972579259425402,0.014094099402427673,0.002028730930760503,ID-Easy 20 ns
157,1.2210099697113037,1.104993224143982,0.09227444976568222,-17.23650550842285,0.019977504387497902,0.07557222247123718,-17.236507415771484,0.016361458227038383,0.017844438552856445,0.0021330653689801693,0.014614490792155266,0.0017469680169597268,ID-Easy 20 ns
158,1.0383210182189941,1.0189803838729858,0.06418720632791519,-18.110774993896484,0.02480483055114746,0.06181827560067177,-18.110774993896484,0.023889366537332535,0.021976914256811142,0.0028279172256588936,0.021165817975997925,0.0027235480956733227,ID-Easy 20 ns
159,0.81817626953125,0.904530942440033,0.06515361368656158,-17.008956909179688,0.022222762927412987,0.0796327292919159,-17.008956909179688,0.027161337435245514,0.01971706561744213,0.0025056973099708557,0.024098798632621765,0.0030625397339463234,ID-Easy 20 ns
160,0.9251499176025391,0.9618471264839172,0.05281345918774605,-18.454727172851562,0.024687502533197403,0.057086389511823654,-18.454727172851562,0.026684867218136787,0.021792812272906303,0.002894691191613674,0.023555979132652283,0.0031288887839764357,ID-Easy 20 ns
161,0.7628958225250244,0.8734390735626221,0.04729973152279854,-18.096534729003906,0.01869736798107624,0.062000252306461334,-18.096534729003906,0.024508416652679443,0.016726873815059662,0.001970494631677866,0.02192550152540207,0.0025829144287854433,ID-Easy 20 ns
162,1.1347495317459106,1.0652462244033813,0.09340548515319824,-16.86602020263672,0.02705005370080471,0.08231374621391296,-16.86602020263672,0.023837905377149582,0.02387670986354351,0.0031733433715999126,0.021041391417384148,0.0027965144254267216,ID-Easy 20 ns
163,1.220336675643921,1.1046885251998901,0.0706573873758316,-18.394245147705078,0.02488616295158863,0.05789990723133087,-18.394245147705078,0.02039286680519581,0.022107195109128952,0.002778967609629035,0.018115652725100517,0.0022772138472646475,ID-Easy 20 ns
164,0.6654796004295349,0.8157693147659302,0.048462875187397,-17.39655113220215,0.019693514332175255,0.07282398641109467,-17.39655113220215,0.029592962935566902,0.017497243359684944,0.0021962702739983797,0.02629268169403076,0.0033002819400280714,ID-Easy 20 ns
165,1.366971492767334,1.1691755056381226,0.09644417464733124,-17.534780502319336,0.025607461109757423,0.07055319100618362,-17.534780502319336,0.018732989206910133,0.0225825197994709,0.003024940611794591,0.01652011089026928,0.002212877618148923,ID-Easy 20 ns
166,1.0968234539031982,1.0472934246063232,0.06775004416704178,-18.1125431060791,0.02544020116329193,0.061769310384988785,-18.112545013427734,0.023194435983896255,0.022527234628796577,0.002912967000156641,0.020538615062832832,0.002655821153894067,ID-Easy 20 ns
167,2.1936914920806885,1.4811115264892578,0.1367785483598709,-18.072769165039062,0.028585204854607582,0.062350861728191376,-18.072769165039062,0.01303064078092575,0.02529449388384819,0.0032907116692513227,0.011530561372637749,0.0015000795247033238,ID-Easy 20 ns
168,0.4312788248062134,0.6567181944847107,0.040459807962179184,-16.2978458404541,0.02017096057534218,0.09381358325481415,-16.2978458404541,0.0467701181769371,0.017995087429881096,0.0021758736111223698,0.041724950075149536,0.005045166704803705,ID-Easy 20 ns
169,1.1566150188446045,1.075460433959961,0.06728843599557877,-18.372440338134766,0.019614286720752716,0.05817703530192375,-18.3724422454834,0.01695835404098034,0.0175440963357687,0.0020701901521533728,0.015168484300374985,0.0017898696241900325,ID-Easy 20 ns
170,1.7312932014465332,1.3157861232757568,0.09303391724824905,-18.718624114990234,0.028812425211071968,0.053736668080091476,-18.718624114990234,0.016642140224575996,0.02529880963265896,0.0035136148799210787,0.014612666331231594,0.002029474126175046,ID-Easy 20 ns
171,1.0078006982803345,1.0038927793502808,0.10002439469099045,-16.053293228149414,0.021500255912542343,0.0992501825094223,-16.053293228149414,0.021333837881684303,0.019012125208973885,0.002488131169229746,0.018864965066313744,0.0024688723497092724,ID-Easy 20 ns
172,0.6424925327301025,0.8015563488006592,0.04491482675075531,-17.574146270751953,0.021795906126499176,0.06990715861320496,-17.574142456054688,0.033923983573913574,0.01925482414662838,0.002541081514209509,0.029968945309519768,0.0039550368674099445,ID-Easy 20 ns
173,0.7327575087547302,0.8560125827789307,0.050505708903074265,-17.636653900146484,0.02130177617073059,0.06892553716897964,-17.636653900146484,0.02907070331275463,0.018909810110926628,0.0023919667582958937,0.02580636739730835,0.003264336148276925,ID-Easy 20 ns
174,1.3058857917785645,1.1427536010742188,0.0783224105834961,-18.240264892578125,0.025155257433652878,0.05997645854949951,-18.240264892578125,0.01926298439502716,0.02211267501115799,0.003042582655325532,0.016933085396885872,0.002329899463802576,ID-Easy 20 ns
175,0.5747206807136536,0.7581033706665039,0.03080381639301777,-18.730745315551758,0.01997918263077736,0.053597886115312576,-18.730745315551758,0.03476329147815704,0.017869364470243454,0.0021098186261951923,0.031092260032892227,0.003671033075079322,ID-Easy 20 ns
176,1.621045470237732,1.273202896118164,0.10926912724971771,-17.735157012939453,0.02503272145986557,0.06740657240152359,-17.73515510559082,0.01544233225286007,0.022278303280472755,0.0027544191107153893,0.013743169605731964,0.0016991621814668179,ID-Easy 20 ns
177,0.8126767873764038,0.9014858603477478,0.059841446578502655,-17.350276947021484,0.02198963798582554,0.07363498955965042,-17.350276947021484,0.027058282867074013,0.0195312537252903,0.002458384493365884,0.024033237248659134,0.0030250458512455225,ID-Easy 20 ns
178,0.8054313063621521,0.8974582552909851,0.0519186407327652,-17.928205490112305,0.021900735795497894,0.06446067243814468,-17.928205490112305,0.027191314846277237,0.019461752846837044,0.002438983414322138,0.02416314370930195,0.003028170671314001,ID-Easy 20 ns
179,0.9221827983856201,0.9603034853935242,0.057699330151081085,-18.057483673095703,0.020654713734984398,0.06256821006536484,-18.057483673095703,0.022397633641958237,0.018354620784521103,0.002300092251971364,0.019903451204299927,0.0024941826704889536,ID-Easy 20 ns
180,1.2006199359893799,1.0957280397415161,0.08551338315010071,-17.495243072509766,0.02339998446404934,0.07122435420751572,-17.495243072509766,0.019489917904138565,0.020819881930947304,0.002580102765932679,0.017340943217277527,0.002148975385352969,ID-Easy 20 ns
181,0.9971145391464233,0.9985562562942505,0.07234235107898712,-17.413280487060547,0.02166389301419258,0.07255169749259949,-17.413280487060547,0.021726584061980247,0.01929604262113571,0.0023678510915488005,0.019351880997419357,0.002374703297391534,ID-Easy 20 ns
182,0.3276306390762329,0.5723902583122253,0.02795048989355564,-16.7091064453125,0.018786335363984108,0.08531098067760468,-16.7091064453125,0.05733998119831085,0.016777340322732925,0.0020089943427592516,0.051208093762397766,0.006131887901574373,ID-Easy 20 ns
183,0.7619178295135498,0.8728790283203125,0.06808222085237503,-16.51030921936035,0.02182108908891678,0.08935639262199402,-16.51030921936035,0.028639687225222588,0.01926589570939541,0.0025551924481987953,0.025286054238677025,0.0033536325208842754,ID-Easy 20 ns
184,1.225599765777588,1.1070680618286133,0.09577414393424988,-17.091869354248047,0.02649066038429737,0.07814472168684006,-17.091869354248047,0.021614447236061096,0.023334061726927757,0.0031565993558615446,0.019038891419768333,0.002575554884970188,ID-Easy 20 ns
185,1.5384280681610107,1.2403337955474854,0.10507602989673615,-17.677228927612305,0.02390960417687893,0.06830091029405594,-17.677228927612305,0.015541580505669117,0.02137196809053421,0.0025376356206834316,0.013892081566154957,0.001649499055929482,ID-Easy 20 ns
186,0.6802206039428711,0.8247548937797546,0.0510069914162159,-17.268798828125,0.021866675466299057,0.07498595118522644,-17.268798828125,0.03214644640684128,0.019328106194734573,0.0025385692715644836,0.028414467349648476,0.003731979290023446,ID-Easy 20 ns
187,1.6150538921356201,1.2708476781845093,0.0864657387137413,-18.734952926635742,0.031131040304899216,0.05353737622499466,-18.734952926635742,0.019275542348623276,0.027306554839015007,0.0038244847673922777,0.016907518729567528,0.002368022920563817,ID-Easy 20 ns
188,0.7436660528182983,0.8623607158660889,0.06166695058345795,-16.835521697998047,0.021602561697363853,0.08292290568351746,-16.835521697998047,0.0290487390011549,0.019128384068608284,0.002474177395924926,0.02572173811495304,0.003327000653371215,ID-Easy 20 ns
189,1.1003179550170898,1.0489604473114014,0.07448054850101471,-17.71462631225586,0.024253636598587036,0.06769002228975296,-17.71462631225586,0.02204238995909691,0.021376673132181168,0.0028769627679139376,0.019427724182605743,0.0026146648451685905,ID-Easy 20 ns
190,1.6066157817840576,1.2675235271453857,0.08761584013700485,-18.653461456298828,0.02692047879099846,0.05453440174460411,-18.653461456298828,0.01675601489841938,0.023663397878408432,0.003257081378251314,0.014728722162544727,0.00202729320153594,ID-Easy 20 ns
191,1.060122013092041,1.0296223163604736,0.08593365550041199,-16.93204689025879,0.02087135799229145,0.08106014877557755,-16.93204689025879,0.019687693566083908,0.01851196400821209,0.0023593935184180737,0.01746210642158985,0.0022255866788327694,ID-Easy 20 ns
192,1.2473310232162476,1.1168397665023804,0.0655171126127243,-18.815940856933594,0.02324770577251911,0.0525258406996727,-18.815940856933594,0.01863795891404152,0.02064361982047558,0.0026040852535516024,0.016550233587622643,0.002087725792080164,ID-Easy 20 ns
193,1.6652116775512695,1.2904307842254639,0.10195927321910858,-18.151241302490234,0.024212215095758438,0.061229024082422256,-18.151243209838867,0.014540022239089012,0.02140439674258232,0.0028078178875148296,0.01285385899245739,0.001686162780970335,ID-Easy 20 ns
194,0.9250444173812866,0.9617922902107239,0.06378323584794998,-17.63582992553711,0.01959158107638359,0.06895153969526291,-17.63582992553711,0.021179068833589554,0.017570408061146736,0.00202117208391428,0.018994122743606567,0.0021849460899829865,ID-Easy 20 ns
195,0.9127001762390137,0.9553534388542175,0.06498906761407852,-17.496726989746094,0.02181323617696762,0.071205273270607,-17.496726989746094,0.02389967255294323,0.019297365099191666,0.002515871077775955,0.02114315889775753,0.0027565143536776304,ID-Easy 20 ns
196,1.5550950765609741,1.2470345497131348,0.08821818977594376,-18.48224449157715,0.02178492210805416,0.05672847852110863,-18.48224639892578,0.014008739963173866,0.019515646621584892,0.002269275952130556,0.012549487873911858,0.0014592522056773305,ID-Easy 20 ns
197,0.7858717441558838,0.8864941000938416,0.05577020347118378,-17.50958251953125,0.022442791610956192,0.07096603512763977,-17.50958251953125,0.028557829558849335,0.01992894895374775,0.0025138428900390863,0.025359034538269043,0.0031987952534109354,ID-Easy 20 ns
198,1.7772324085235596,1.333128809928894,0.1195911392569542,-17.741539001464844,0.024550268426537514,0.06729065626859665,-17.741539001464844,0.013813762925565243,0.021808123216032982,0.0027421447448432446,0.012270833365619183,0.0015429297927767038,ID-Easy 20 ns
199,0.4237440824508667,0.6509562730789185,0.03758510574698448,-16.543235778808594,0.020651759579777718,0.08869767189025879,-16.54323387145996,0.048736393451690674,0.018364721909165382,0.002287037204951048,0.04333918169140816,0.005397213157266378,ID-Easy 20 ns
0,0.7978466153144836,0.8932226300239563,0.05644086375832558,-17.522186279296875,0.021811673417687416,0.07074148952960968,-17.522186279296875,0.0273381806910038,0.019406626001000404,0.002405047882348299,0.024323755875229836,0.0030144238844513893,ID-Hard 80 ns
1,1.3401379585266113,1.1576433181762695,0.08829016983509064,-17.834808349609375,0.025393089279532433,0.0658814013004303,-17.834808349609375,0.018948115408420563,0.02249763533473015,0.002895454177632928,0.01678755134344101,0.002160564297810197,ID-Hard 80 ns
2,0.8306455016136169,0.9113975763320923,0.06715231388807297,-16.944503784179688,0.02268422581255436,0.08084353059530258,-16.94450569152832,0.027309153228998184,0.02014949917793274,0.002534726168960333,0.024257639423012733,0.0030515138059854507,ID-Hard 80 ns
3,1.0608865022659302,1.0299934148788452,0.0724768340587616,-17.674964904785156,0.023510446771979332,0.06831724941730499,-17.674964904785156,0.022161133587360382,0.020854869857430458,0.0026555771473795176,0.019657965749502182,0.0025031680706888437,ID-Hard 80 ns
4,1.227691411972046,1.108012318611145,0.08921411633491516,-17.40784454345703,0.02495117485523224,0.07266819477081299,-17.407846450805664,0.020323652774095535,0.022111134603619576,0.0028400407172739506,0.0180103350430727,0.0023133179638534784,ID-Hard 80 ns
5,0.6548737287521362,0.8092426657676697,0.05689353495836258,-16.630571365356445,0.021700048819184303,0.08687710762023926,-16.630571365356445,0.03313623368740082,0.019285043701529503,0.002415005350485444,0.02944849245250225,0.003687741933390498,ID-Hard 80 ns
6,1.1851723194122314,1.0886561870574951,0.08046528697013855,-17.701885223388672,0.023578938096761703,0.06789331883192062,-17.701885223388672,0.01989494450390339,0.020920777693390846,0.00265815993770957,0.017652098089456558,0.002242846880108118,ID-Hard 80 ns
7,1.1188702583312988,1.0577666759490967,0.0997200757265091,-16.522109985351562,0.02435922995209694,0.08912566304206848,-16.522109985351562,0.021771274507045746,0.02158328704535961,0.002775943838059902,0.019290249794721603,0.002481023781001568,ID-Hard 80 ns
8,0.9992674589157104,0.9996336698532104,0.07487748563289642,-17.273672103881836,0.023814508691430092,0.07493236660957336,-17.273672103881836,0.023831967264413834,0.021129824221134186,0.002684685168787837,0.02114531397819519,0.002686653286218643,ID-Hard 80 ns
9,1.204660415649414,1.0975701808929443,0.09232614189386368,-17.174728393554688,0.023734111338853836,0.07664081454277039,-17.174728393554688,0.019701911136507988,0.021055785939097404,0.0026783260982483625,0.01747860759496689,0.002223303774371743,ID-Hard 80 ns
10,1.6105892658233643,1.269089937210083,0.09041684120893478,-18.528825759887695,0.027213355526328087,0.056138984858989716,-18.528825759887695,0.01689651980996132,0.024056462571024895,0.003156892489641905,0.014936435036361217,0.0019600854720920324,ID-Hard 80 ns
11,0.7292132377624512,0.8539398312568665,0.06596554070711136,-16.454946517944336,0.021281130611896515,0.09046125411987305,-16.454946517944336,0.029183685779571533,0.01894441992044449,0.002336710225790739,0.025979259982705116,0.003204426495358348,ID-Hard 80 ns
12,0.9356045722961426,0.9672665596008301,0.05910985544323921,-18.013931274414062,0.02330780401825905,0.06317824870347977,-18.013931274414062,0.024912025779485703,0.02066146954894066,0.002646335167810321,0.022083548828959465,0.002828476019203663,ID-Hard 80 ns
13,1.5634504556655884,1.2503801584243774,0.10945092141628265,-17.57057762145996,0.028278153389692307,0.07000600546598434,-17.57057762145996,0.01808701641857624,0.024950606748461723,0.0033275471068918705,0.01595868170261383,0.002128335414454341,ID-Hard 80 ns
14,0.6697641611099243,0.8183912038803101,0.04640749469399452,-17.612773895263672,0.021497312933206558,0.06928930431604385,-17.612773895263672,0.03209684044122696,0.01910410262644291,0.0023932105395942926,0.028523625805974007,0.003573213703930378,ID-Hard 80 ns
15,1.1517601013183594,1.0732008218765259,0.08414328098297119,-17.383106231689453,0.023716913536190987,0.07305626571178436,-17.383106231689453,0.020591886714100838,0.021052854135632515,0.0026640594005584717,0.018278853967785835,0.0023130332119762897,ID-Hard 80 ns
16,0.9528155326843262,0.9761226773262024,0.06359539180994034,-17.776229858398438,0.022348951548337936,0.06674470752477646,-17.776229858398438,0.023455696180462837,0.019858118146657944,0.0024908334016799927,0.020841514691710472,0.002614182187244296,ID-Hard 80 ns
17,0.6703373193740845,0.8187413215637207,0.051407817751169205,-17.174768447875977,0.02117171511054039,0.0766894668340683,-17.174768447875977,0.031583674252033234,0.018833037465810776,0.0023386781103909016,0.02809486724436283,0.003488807938992977,ID-Hard 80 ns
18,0.9664451479911804,0.9830794334411621,0.06974225491285324,-17.437761306762695,0.023183735087513924,0.07216369360685349,-17.437761306762695,0.023988671600818634,0.020564202219247818,0.002619532635435462,0.02127818949520588,0.002710482571274042,ID-Hard 80 ns
19,1.325657606124878,1.1513720750808716,0.08978200703859329,-17.71123695373535,0.024832576513290405,0.06772638857364655,-17.71123695373535,0.01873227022588253,0.022015441209077835,0.0028171343728899956,0.016607185825705528,0.002125084400177002,ID-Hard 80 ns
20,1.3310437202453613,1.1537086963653564,0.0849422886967659,-17.972253799438477,0.025978529825806618,0.06381630152463913,-17.972253799438477,0.019517412409186363,0.022973081097006798,0.0030054489616304636,0.017259448766708374,0.0022579641081392765,ID-Hard 80 ns
21,1.2938777208328247,1.1374874114990234,0.09028389304876328,-17.584835052490234,0.02554454654455185,0.06977776437997818,-17.584835052490234,0.019742628559470177,0.02260824479162693,0.0029363015200942755,0.0174732469022274,0.002269380958750844,ID-Hard 80 ns
22,1.0227644443511963,1.0113182067871094,0.0825180783867836,-16.95439338684082,0.023751555010676384,0.08068140596151352,-16.95439338684082,0.023222899064421654,0.02107246033847332,0.0026790951378643513,0.02060343511402607,0.0026194644160568714,ID-Hard 80 ns
23,1.5584297180175781,1.2483707666397095,0.08632473647594452,-18.58648109436035,0.02639314904808998,0.055392131209373474,-18.58648109436035,0.01693573221564293,0.02332928404211998,0.0030638650059700012,0.014969737268984318,0.0019659949466586113,ID-Hard 80 ns
24,1.3087667226791382,1.1440134048461914,0.08418557047843933,-17.93764877319336,0.025942973792552948,0.06432434916496277,-17.93764877319336,0.019822457805275917,0.022955162450671196,0.002987812040373683,0.017539536580443382,0.002282921690493822,ID-Hard 80 ns
25,1.3025826215744019,1.1413074731826782,0.07789276540279388,-18.25501251220703,0.02617539092898369,0.0597987100481987,-18.25501251220703,0.020094996318221092,0.02316848374903202,0.0030069078784435987,0.017786575481295586,0.0023084201384335756,ID-Hard 80 ns
26,1.3840579986572266,1.1764599084854126,0.10371558368206024,-17.271944046020508,0.026464639231562614,0.07493588328361511,-17.271942138671875,0.019121047109365463,0.023402098566293716,0.0030625408980995417,0.016908321529626846,0.0022127258125692606,ID-Hard 80 ns
27,0.9652512669563293,0.9824720025062561,0.06840143352746964,-17.513225555419922,0.0231527891010046,0.07086386531591415,-17.513225555419922,0.02398628182709217,0.020553290843963623,0.002599498024210334,0.02129320241510868,0.0026930791791528463,ID-Hard 80 ns
28,1.218310832977295,1.1037712097167969,0.0843755230307579,-17.617124557495117,0.024256402626633644,0.06925616413354874,-17.617124557495117,0.01990986429154873,0.021519096568226814,0.002737306524068117,0.017663059756159782,0.00224680476821959,ID-Hard 80 ns
29,1.1050224304199219,1.05120050907135,0.09243848919868469,-16.795257568359375,0.02377765066921711,0.0836530402302742,-16.795257568359375,0.0215177983045578,0.021106811240315437,0.0026708398945629597,0.019100798293948174,0.0024170007091015577,ID-Hard 80 ns
30,1.3936986923217773,1.180550217628479,0.09429297596216202,-17.71799087524414,0.026872441172599792,0.06765664368867874,-17.717988967895508,0.019281383603811264,0.023801326751708984,0.003071113955229521,0.017077812924981117,0.0022035709116607904,ID-Hard 80 ns
31,0.8300715684890747,0.9110826253890991,0.06586361676454544,-17.023637771606445,0.022262360900640488,0.0793469101190567,-17.023637771606445,0.026819806545972824,0.019757049158215523,0.0025053108111023903,0.023801621049642563,0.003018186427652836,ID-Hard 80 ns
32,1.176133155822754,1.0844967365264893,0.07857481390237808,-17.77121925354004,0.023560598492622375,0.06680775433778763,-17.77121925354004,0.020032254979014397,0.02089337445795536,0.002667223336175084,0.017764464020729065,0.0022677902597934008,ID-Hard 80 ns
33,0.8230899572372437,0.9072430729866028,0.06780032813549042,-16.862567901611328,0.022319655865430832,0.08237292617559433,-16.862565994262695,0.027116909623146057,0.019826998934149742,0.002492656698450446,0.02408849634230137,0.003028413513675332,ID-Hard 80 ns
34,0.6721217036247253,0.8198302984237671,0.052283987402915955,-17.11163330078125,0.021179845556616783,0.07778945565223694,-17.111635208129883,0.03151192143559456,0.018850136548280716,0.002329709241166711,0.028045719489455223,0.0034662014804780483,ID-Hard 80 ns
35,0.9033905863761902,0.9504685997962952,0.08107226341962814,-16.488239288330078,0.022040745243430138,0.08974221348762512,-16.488239288330078,0.024397801607847214,0.019579732790589333,0.0024610122200101614,0.02167360670864582,0.0027241951320320368,ID-Hard 80 ns
36,1.5326613187789917,1.2380069494247437,0.09253374487161636,-18.210933685302734,0.025741811841726303,0.060374561697244644,-18.210933685302734,0.016795499250292778,0.022781100124120712,0.002960710786283016,0.014863753691315651,0.001931744976900518,ID-Hard 80 ns
37,1.0259003639221191,1.0128674507141113,0.07422755658626556,-17.424158096313477,0.023534735664725304,0.07235357165336609,-17.424158096313477,0.022940564900636673,0.02088007517158985,0.0026546602603048086,0.02035292610526085,0.002587639493867755,ID-Hard 80 ns
38,1.5562150478363037,1.247483491897583,0.11149023473262787,-17.469030380249023,0.027148863300681114,0.07164191454648972,-17.469030380249023,0.01744544506072998,0.024006405845284462,0.003142457688227296,0.01542614959180355,0.002019295236095786,ID-Hard 80 ns
39,0.7678467035293579,0.8762686252593994,0.06497746706008911,-16.74226951599121,0.02206198126077652,0.08462296426296234,-16.74226951599121,0.02873227372765541,0.01962861604988575,0.0024333654437214136,0.0255631972104311,0.003169077215716243,ID-Hard 80 ns
40,0.5070668458938599,0.7120862603187561,0.042080529034137726,-16.830020904541016,0.01975051313638687,0.08298812806606293,-16.830020904541016,0.038950514048337936,0.017598040401935577,0.0021524736657738686,0.03470556437969208,0.004244950599968433,ID-Hard 80 ns
41,0.5249939560890198,0.7245646715164185,0.04844934865832329,-16.370567321777344,0.01997927762567997,0.09228553622961044,-16.370567321777344,0.03805620223283768,0.01778956688940525,0.002189710270613432,0.033885277807712555,0.004170924890786409,ID-Hard 80 ns
42,1.2021081447601318,1.0964069366455078,0.08131448179483414,-17.717248916625977,0.02369949035346508,0.06764323264360428,-17.71725082397461,0.01971494033932686,0.021033339202404022,0.0026661506853997707,0.017497044056653976,0.0022178958170115948,ID-Hard 80 ns
43,0.5919023752212524,0.7693518996238708,0.05211834982037544,-16.573463439941406,0.02083630859851837,0.08805228024721146,-16.573463439941406,0.0352022759616375,0.018529655411839485,0.0023066536523401737,0.031305257230997086,0.003897017100825906,ID-Hard 80 ns
44,1.1580826044082642,1.076142430305481,0.07478924840688705,-17.91943359375,0.023725351318717003,0.06458023935556412,-17.91943359375,0.020486751571297646,0.021040746942162514,0.00268460507504642,0.018168605864048004,0.0023181464057415724,ID-Hard 80 ns
45,0.6758193969726562,0.8220823407173157,0.06244237720966339,-16.36428451538086,0.021699069067835808,0.09239506721496582,-16.36428451538086,0.03210779279470444,0.019314298406243324,0.00238477042876184,0.02857908234000206,0.0035287097562104464,ID-Hard 80 ns
46,0.3920101225376129,0.6261070966720581,0.03883933648467064,-16.059877395629883,0.01954851858317852,0.09907738864421844,-16.059877395629883,0.049867384135723114,0.017440831288695335,0.002107687061652541,0.04449076950550079,0.005376613698899746,ID-Hard 80 ns
47,0.5532342791557312,0.7437971830368042,0.043572429567575455,-17.057655334472656,0.02030891552567482,0.07875945419073105,-17.057655334472656,0.03670943155884743,0.018088137730956078,0.0022207775618880987,0.032695259898900986,0.004014172125607729,ID-Hard 80 ns
48,1.0890636444091797,1.0435820817947388,0.08050830662250519,-17.332447052001953,0.023705366998910904,0.07392433285713196,-17.332447052001953,0.021766740828752518,0.02102477103471756,0.002680595265701413,0.019305365160107613,0.0024613761343061924,ID-Hard 80 ns
49,0.5395859479904175,0.7345651388168335,0.05519549921154976,-15.921725273132324,0.020258815959095955,0.10229232162237167,-15.921725273132324,0.03754511475563049,0.01804179698228836,0.002217019209638238,0.0334363728761673,0.0041087414138019085,ID-Hard 80 ns
50,0.7707531452178955,0.877925455570221,0.07696835696697235,-16.026931762695312,0.021641332656145096,0.09986124187707901,-16.026933670043945,0.028078164905309677,0.0192375760525465,0.0024037568364292383,0.02495945245027542,0.003118711756542325,ID-Hard 80 ns
51,1.4955923557281494,1.2229441404342651,0.10870411992073059,-17.407005310058594,0.026110315695405006,0.07268298417329788,-17.407005310058594,0.017458176240324974,0.023138070479035378,0.002972245682030916,0.015470840036869049,0.0019873366691172123,ID-Hard 80 ns
52,1.474592924118042,1.2143281698226929,0.08753277361392975,-18.286327362060547,0.025931406766176224,0.05936063826084137,-18.286327362060547,0.01758546754717827,0.02297447994351387,0.0029569268226623535,0.01558021828532219,0.0020052494946867228,ID-Hard 80 ns
53,1.0996034145355225,1.0486197471618652,0.08602730184793472,-17.082090377807617,0.022933900356292725,0.07823484390974045,-17.082090377807617,0.020856520161032677,0.020354071632027626,0.002579829189926386,0.018510375171899796,0.002346145221963525,ID-Hard 80 ns
54,1.0165438652038574,1.0082379579544067,0.0767163410782814,-17.243202209472656,0.023343224078416824,0.07546782493591309,-17.243202209472656,0.022963322699069977,0.020740022882819176,0.0026032014284282923,0.020402487367391586,0.0025608353316783905,ID-Hard 80 ns
55,0.6100025773048401,0.7810266017913818,0.06682701408863068,-15.62497329711914,0.020437542349100113,0.10955201089382172,-15.62497329711914,0.033504027873277664,0.018191007897257805,0.0022465349175035954,0.02982119843363762,0.0036828285083174706,ID-Hard 80 ns
56,1.752160668373108,1.3236920833587646,0.11012927442789078,-18.037979125976562,0.028538666665554047,0.06285341084003448,-18.037981033325195,0.016287699341773987,0.025218026712536812,0.0033206408843398094,0.014392530545592308,0.0018951691454276443,ID-Hard 80 ns
57,0.6560641527175903,0.8099778890609741,0.0502484068274498,-17.17770004272461,0.0219070166349411,0.07659069448709488,-17.17770004272461,0.03339157626032829,0.01948162540793419,0.002425391925498843,0.02969469502568245,0.003696882165968418,ID-Hard 80 ns
58,0.8454627394676208,0.9194904565811157,0.06748597323894501,-17.000253677368164,0.022085126489400864,0.07982135564088821,-17.00025177001953,0.026121938601136208,0.019620472565293312,0.002464652992784977,0.023206785321235657,0.0029151528142392635,ID-Hard 80 ns
59,1.4342353343963623,1.1975955963134766,0.08935786038637161,-18.076059341430664,0.02505079284310341,0.062303487211465836,-18.076059341430664,0.017466306686401367,0.022162092849612236,0.002888699760660529,0.01545220147818327,0.0020141045097261667,ID-Hard 80 ns
60,0.7982515692710876,0.8934492468833923,0.05781049653887749,-17.42302703857422,0.022474396973848343,0.07242140918970108,-17.423025131225586,0.028154531493782997,0.01997394673526287,0.0025004511699080467,0.025022121146321297,0.003132409881800413,ID-Hard 80 ns
61,1.1434805393218994,1.0693365335464478,0.07598651200532913,-17.796113967895508,0.024199774488806725,0.06645195186138153,-17.796112060546875,0.02116325870156288,0.021465228870511055,0.002734545385465026,0.018771836534142494,0.0023914228659123182,ID-Hard 80 ns
62,1.24880051612854,1.117497444152832,0.09074708074331284,-17.40603256225586,0.025509944185614586,0.07266739010810852,-17.40603256225586,0.020427556708455086,0.022599685937166214,0.002910258946940303,0.01809711381793022,0.0023304433561861515,ID-Hard 80 ns
63,1.051659345626831,1.025504469871521,0.06269051134586334,-18.266761779785156,0.02347799763083458,0.059611041098833084,-18.26675796508789,0.022324716672301292,0.020830553025007248,0.0026474441401660442,0.019807320088148117,0.0025173970498144627,ID-Hard 80 ns
64,0.9094552397727966,0.9536536335945129,0.07303106039762497,-16.972362518310547,0.022734494879841805,0.08030197769403458,-16.972362518310547,0.024997925385832787,0.02016899734735489,0.0025654968339949846,0.022177008911967278,0.0028209160082042217,ID-Hard 80 ns
65,0.9290422201156616,0.9638683795928955,0.06632302701473236,-17.485448837280273,0.02314438670873642,0.0713886097073555,-17.485448837280273,0.024912090972065926,0.020558714866638184,0.0025856709107756615,0.022128934040665627,0.00278315762989223,ID-Hard 80 ns
66,0.9661480784416199,0.9829283356666565,0.06884496659040451,-17.494413375854492,0.02349502220749855,0.07125714421272278,-17.494413375854492,0.024318242445588112,0.020856281742453575,0.00263874139636755,0.02158704400062561,0.0027311977464705706,ID-Hard 80 ns
67,1.0819544792175293,1.040170431137085,0.07848337292671204,-17.415706634521484,0.02401741035282612,0.07253851741552353,-17.415706634521484,0.02219817042350769,0.02127836085855961,0.00273904949426651,0.01966659538447857,0.0025315755046904087,ID-Hard 80 ns
68,0.6010615825653076,0.7752816081047058,0.06073302403092384,-15.976506233215332,0.020581405609846115,0.10104293376207352,-15.976506233215332,0.03424175828695297,0.018331561237573624,0.002249843906611204,0.03049864061176777,0.0037431172095239162,ID-Hard 80 ns
69,2.012636423110962,1.4186742305755615,0.13311012089252472,-17.81629753112793,0.028882533311843872,0.06613717973232269,-17.81629753112793,0.014350596815347672,0.02551298961043358,0.0033695437014102936,0.012676402926445007,0.0016741938889026642,ID-Hard 80 ns
70,0.9976364374160767,0.998817503452301,0.08206094056367874,-16.869810104370117,0.022861424833536148,0.08225536346435547,-16.869810104370117,0.022915586829185486,0.020301679149270058,0.002559745218604803,0.0203497763723135,0.0025658097583800554,ID-Hard 80 ns
71,0.48112648725509644,0.6936328411102295,0.049068424850702286,-15.931251525878906,0.0199250690639019,0.10198652744293213,-15.931251525878906,0.04141337051987648,0.01774924248456955,0.0021758268121629953,0.03689100965857506,0.00452235946431756,ID-Hard 80 ns
72,1.3098009824752808,1.1444653272628784,0.09646249562501907,-17.348264694213867,0.02582363598048687,0.07364668697118759,-17.348264694213867,0.019715694710612297,0.022867798805236816,0.0029558376409113407,0.01745898649096489,0.0022567075211554766,ID-Hard 80 ns
73,0.9508013129234314,0.9750903844833374,0.07496638596057892,-17.05402374267578,0.023772509768605232,0.07884547114372253,-17.05402374267578,0.025002606213092804,0.02108077146112919,0.0026917390059679747,0.022171584889292717,0.0028310215566307306,ID-Hard 80 ns
74,1.1248427629470825,1.0605860948562622,0.07497202605009079,-17.783824920654297,0.022650981321930885,0.0666511058807373,-17.783824920654297,0.020137019455432892,0.02012268640100956,0.0025282951537519693,0.01788933202624321,0.0022476876620203257,ID-Hard 80 ns
75,1.034250020980835,1.0169808864593506,0.06793379783630371,-17.847087860107422,0.022520028054714203,0.06568410247564316,-17.847087860107422,0.021774258464574814,0.020016666501760483,0.002503362251445651,0.019353797659277916,0.002420461503788829,ID-Hard 80 ns
76,1.064462661743164,1.0317280292510986,0.08872926980257034,-16.808740615844727,0.023170027881860733,0.08335591852664948,-16.808738708496094,0.02176687866449356,0.02057398296892643,0.0025960453785955906,0.019328046590089798,0.002438831841573119,ID-Hard 80 ns
77,0.7799657583236694,0.8831567168235779,0.061071302741765976,-17.082311630249023,0.02194892428815365,0.07829998433589935,-17.082311630249023,0.028140883892774582,0.019474642351269722,0.0024742826353758574,0.02496858686208725,0.003172296565026045,ID-Hard 80 ns
78,1.4835951328277588,1.2180291414260864,0.0896691158413887,-18.205005645751953,0.02662160061299801,0.06044042855501175,-18.205005645751953,0.017943980172276497,0.023544318974018097,0.003077282104641199,0.01586977392435074,0.0020742060150951147,ID-Hard 80 ns
79,1.0397549867630005,1.0196837186813354,0.07402905076742172,-17.494165420532227,0.022794224321842194,0.07119855284690857,-17.494165420532227,0.02192268893122673,0.020249228924512863,0.0025449960958212614,0.019474999979138374,0.002447688253596425,ID-Hard 80 ns
80,0.7334265112876892,0.8564032316207886,0.052264925092458725,-17.49286460876465,0.02267153188586235,0.07126129418611526,-17.49286460876465,0.030911797657608986,0.02013348415493965,0.002538047730922699,0.02745126374065876,0.003460534382611513,ID-Hard 80 ns
81,1.5622055530548096,1.2498822212219238,0.1173047199845314,-17.264787673950195,0.028233453631401062,0.07508917152881622,-17.264787673950195,0.018072815611958504,0.02494303695857525,0.0032904157415032387,0.01596655324101448,0.002106263069435954,ID-Hard 80 ns
82,1.4261094331741333,1.1941982507705688,0.09077423065900803,-17.984533309936523,0.026007626205682755,0.0636516585946083,-17.984533309936523,0.018236767500638962,0.023065384477376938,0.002942242193967104,0.01617364212870598,0.0020631251391023397,ID-Hard 80 ns
83,0.6497452259063721,0.8060677647590637,0.053001519292593,-16.905458450317383,0.021977830678224564,0.0815727710723877,-16.905458450317383,0.03382530435919762,0.019533883780241013,0.002443947596475482,0.030063912272453308,0.003761393716558814,ID-Hard 80 ns
84,0.6052942276000977,0.7780065536499023,0.05502108111977577,-16.435165405273438,0.020902177318930626,0.09089973568916321,-16.435163497924805,0.03453226014971733,0.018611514940857887,0.002290662145242095,0.030747881159186363,0.003784378059208393,ID-Hard 80 ns
85,0.7517575025558472,0.8670395016670227,0.06101048365235329,-16.92623519897461,0.021696433424949646,0.0811571329832077,-16.92623519897461,0.028860947117209435,0.019288651645183563,0.0024077813141047955,0.025658076629042625,0.003202869789674878,ID-Hard 80 ns
86,0.9399776458740234,0.9695244431495667,0.07307672500610352,-17.113588333129883,0.023117128759622574,0.0777430459856987,-17.113588333129883,0.024593275040388107,0.020506324246525764,0.0026108035817742348,0.02181575819849968,0.002777516609057784,ID-Hard 80 ns
87,0.7952620983123779,0.8917747139930725,0.06584768742322922,-16.840164184570312,0.021914301440119743,0.08279997855424881,-16.840164184570312,0.027556074783205986,0.019452111795544624,0.00246219034306705,0.024460000917315483,0.0030960740987211466,ID-Hard 80 ns
88,1.0385072231292725,1.0190716981887817,0.08095873147249222,-17.10042381286621,0.02355610765516758,0.07795683294534683,-17.10042381286621,0.022682661190629005,0.02088940516114235,0.002666702028363943,0.02011483907699585,0.0025678223464637995,ID-Hard 80 ns
89,0.7552708387374878,0.8690631985664368,0.0731971338391304,-16.157238006591797,0.021456733345985413,0.09691508114337921,-16.157238006591797,0.0284093227237463,0.019088225439190865,0.0023685076739639044,0.02527335099875927,0.0031359712593257427,ID-Hard 80 ns
90,0.7106075286865234,0.842975378036499,0.06960596889257431,-16.10894775390625,0.02129003033041954,0.09795276075601578,-16.10894775390625,0.029960323125123978,0.018925746902823448,0.002364284358918667,0.026633191853761673,0.003327131038531661,ID-Hard 80 ns
91,0.8432260155677795,0.918273389339447,0.06837300211191177,-16.93218421936035,0.022547850385308266,0.08108503371477127,-16.93218421936035,0.02673998288810253,0.02000604383647442,0.002541805850341916,0.023725600913167,0.0030143826734274626,ID-Hard 80 ns
92,0.675979733467102,0.8221798539161682,0.060742251574993134,-16.485586166381836,0.02147950977087021,0.08985809981822968,-16.485586166381836,0.031775373965501785,0.019113505259156227,0.002366004278883338,0.02827526442706585,0.0035001111682504416,ID-Hard 80 ns
93,1.279386043548584,1.1310994625091553,0.1012575775384903,-17.03681755065918,0.02490265853703022,0.07914544641971588,-17.03681755065918,0.019464537501335144,0.022062845528125763,0.00283981254324317,0.017244869843125343,0.002219668123871088,ID-Hard 80 ns
94,1.2364981174468994,1.111979365348816,0.0832090675830841,-17.74351692199707,0.024240409955382347,0.06729413568973541,-17.74351692199707,0.01960408128798008,0.021535439416766167,0.002704970072954893,0.01741647534072399,0.002187605481594801,ID-Hard 80 ns
95,1.0353527069091797,1.0175228118896484,0.06510277837514877,-18.0333251953125,0.024008113890886307,0.06287980824708939,-18.0333251953125,0.02318834327161312,0.02127443626523018,0.0027336785569787025,0.020548008382320404,0.002640335587784648,ID-Hard 80 ns
96,0.5372338891029358,0.732962429523468,0.05194329470396042,-16.165908813476562,0.021161125972867012,0.09668655693531036,-16.165908813476562,0.03938903659582138,0.01881747879087925,0.002343647414818406,0.03502660244703293,0.004362434148788452,ID-Hard 80 ns
97,0.8131392002105713,0.9017423391342163,0.07315658777952194,-16.478818893432617,0.022572074085474014,0.08996809273958206,-16.478816986083984,0.02775917761027813,0.02004699781537056,0.002525076735764742,0.024653833359479904,0.003105343785136938,ID-Hard 80 ns
98,0.41683781147003174,0.6456297636032104,0.038483597338199615,-16.3654842376709,0.019088849425315857,0.0923227071762085,-16.36548614501953,0.04579442739486694,0.017038198187947273,0.002050650306046009,0.04087488725781441,0.004919540137052536,ID-Hard 80 ns
99,0.9244145154953003,0.9614647626876831,0.060832586139440536,-17.837575912475586,0.02246198244392872,0.06580661237239838,-17.837575912475586,0.02429860457777977,0.01996510662138462,0.002496876288205385,0.021597569808363914,0.0027010354679077864,ID-Hard 80 ns
100,0.6352061033248901,0.7969982028007507,0.04825355112552643,-17.215782165527344,0.021327856928110123,0.07596518099308014,-17.215782165527344,0.03357627987861633,0.018996018916368484,0.002331838943064213,0.029905283823609352,0.0036709958221763372,ID-Hard 80 ns
101,0.6377249360084534,0.798576831817627,0.05993099510669708,-16.291353225708008,0.021619200706481934,0.09397624433040619,-16.29135513305664,0.033900510519742966,0.01920742355287075,0.002411776455119252,0.030118664726614952,0.0037818443961441517,ID-Hard 80 ns
102,0.642910361289978,0.8018169403076172,0.05999183654785156,-16.32008171081543,0.021460341289639473,0.09331289678812027,-16.32008171081543,0.03337998688220978,0.019066419452428818,0.0023939211387187243,0.029656419530510902,0.003723568981513381,ID-Hard 80 ns
103,1.0739209651947021,1.036301612854004,0.06434260308742523,-18.24618911743164,0.0236226636916399,0.059913717210292816,-18.24618911743164,0.021996648982167244,0.020986059680581093,0.0026366040110588074,0.019541529938578606,0.002455119276419282,ID-Hard 80 ns
104,1.673651099205017,1.293696641921997,0.11858638375997543,-17.51622772216797,0.027447905391454697,0.07085490226745605,-17.51622772216797,0.016400016844272614,0.02428746595978737,0.0031604385003447533,0.014511666260659695,0.0018883496522903442,ID-Hard 80 ns
105,0.7617704272270203,0.8727946281433105,0.06902816891670227,-16.449649810791016,0.022827638313174248,0.09061544388532639,-16.449649810791016,0.029966559261083603,0.020262336358428,0.0025653024204075336,0.026599006727337837,0.0033675532322376966,ID-Hard 80 ns
106,0.9211924076080322,0.9597876667976379,0.06720294058322906,-17.387279510498047,0.023609880357980728,0.07295212149620056,-17.387279510498047,0.025629693642258644,0.020935706794261932,0.002674172632396221,0.022726746276021004,0.002902946900576353,ID-Hard 80 ns
107,0.5755925178527832,0.758678138256073,0.048888199031353,-16.727760314941406,0.02073185332119465,0.08493544161319733,-16.727760314941406,0.03601828217506409,0.018444262444972992,0.0022875915747135878,0.032043956220149994,0.003974324557930231,ID-Hard 80 ns
108,0.7860082983970642,0.8865711092948914,0.05813072621822357,-17.33102035522461,0.02265070006251335,0.07395688444375992,-17.33102035522461,0.028817379847168922,0.02011531963944435,0.002535379957407713,0.025591740384697914,0.0032256401609629393,ID-Hard 80 ns
109,0.7165663242340088,0.846502423286438,0.06218660995364189,-16.636276245117188,0.022072913125157356,0.08678415417671204,-16.63627815246582,0.030803725123405457,0.01958637125790119,0.0024865414015948772,0.02733364701271057,0.0034700785763561726,ID-Hard 80 ns
110,0.5946907997131348,0.7711619734764099,0.05147966369986534,-16.650882720947266,0.02098049968481064,0.08656542748212814,-16.650882720947266,0.03527968004345894,0.018676085397601128,0.0023044149857014418,0.03140470013022423,0.0038749801460653543,ID-Hard 80 ns
111,0.6299700736999512,0.7937065362930298,0.0521916002035141,-16.838699340820312,0.02124122716486454,0.08284773677587509,-16.838701248168945,0.03371783345937729,0.018906159326434135,0.0023350673727691174,0.03001120314002037,0.0037066321820020676,ID-Hard 80 ns
112,0.5046417117118835,0.7103813886642456,0.04207015782594681,-16.810935974121094,0.021148651838302612,0.08336639404296875,-16.810935974121094,0.041908252984285355,0.018786244094371796,0.002362406812608242,0.03722689673304558,0.004681354854255915,ID-Hard 80 ns
113,0.8826602697372437,0.9395000338554382,0.06361795216798782,-17.443695068359375,0.023211495950818062,0.0720752403140068,-17.443695068359375,0.026297202333807945,0.02061043307185173,0.0026010621804744005,0.02335035800933838,0.0029468440916389227,ID-Hard 80 ns
114,1.2745277881622314,1.1289498805999756,0.07804818451404572,-18.151973724365234,0.02481084316968918,0.06123693287372589,-18.151973724365234,0.019466694444417953,0.021986614912748337,0.0028242275584489107,0.017250793054699898,0.002215901156887412,ID-Hard 80 ns
115,0.9758558869361877,0.9878541827201843,0.08225569874048233,-16.762020111083984,0.022560415789484978,0.08429083228111267,-16.762020111083984,0.02311859466135502,0.02002117596566677,0.002539240289479494,0.0205165296792984,0.002602064749225974,ID-Hard 80 ns
116,0.8354982733726501,0.9140559434890747,0.06873352825641632,-16.86833953857422,0.021186692640185356,0.08226651698350906,-16.86833953857422,0.025358153507113457,0.018861280754208565,0.0023254125844687223,0.022574888542294502,0.0027832642663270235,ID-Hard 80 ns
117,1.5216275453567505,1.2335426807403564,0.11012613028287888,-17.424528121948242,0.02665504440665245,0.07237391173839569,-17.424528121948242,0.0175174567848444,0.02357807569205761,0.00307696801610291,0.01549530029296875,0.0020221557933837175,ID-Hard 80 ns
118,0.949062705039978,0.9741985201835632,0.07226840406656265,-17.203691482543945,0.022178975865244865,0.07614712417125702,-17.203691482543945,0.02336934767663479,0.019705994054675102,0.0024729815777391195,0.020763637498021126,0.0026057094801217318,ID-Hard 80 ns
119,0.9595133662223816,0.9795475602149963,0.07427417486906052,-17.13328742980957,0.02353469282388687,0.07740817219018936,-17.13328742980957,0.024527739733457565,0.020864345133304596,0.00267034862190485,0.02174471504986286,0.0027830239851027727,ID-Hard 80 ns
120,1.0233063697814941,1.01158607006073,0.06743728369474411,-17.831052780151367,0.023006780073046684,0.06590136140584946,-17.8310546875,0.02248278819024563,0.020439989864826202,0.002566790673881769,0.01997445710003376,0.002508330624550581,ID-Hard 80 ns
121,0.9008737206459045,0.949143648147583,0.07666678726673126,-16.723541259765625,0.02390913851559162,0.08510270714759827,-16.723541259765625,0.026539944112300873,0.02119763381779194,0.00271150516346097,0.023530082777142525,0.0030098615679889917,ID-Hard 80 ns
122,1.050466537475586,1.0249227285385132,0.09424451738595963,-16.492555618286133,0.023762492462992668,0.08971681445837021,-16.492555618286133,0.022620894014835358,0.0210767462849617,0.0026857464108616114,0.020064176991581917,0.002556717721745372,ID-Hard 80 ns
123,1.145155429840088,1.0701193809509277,0.08327022939920425,-17.40380859375,0.02482256293296814,0.07271521538496017,-17.40380859375,0.02167615294456482,0.02200242131948471,0.002820141613483429,0.01921348087489605,0.002462671371176839,ID-Hard 80 ns
124,0.9180610775947571,0.9581550359725952,0.06474291533231735,-17.537960052490234,0.02386205643415451,0.07052136957645416,-17.537960052490234,0.02599179558455944,0.021177025511860847,0.002685030223801732,0.02306712046265602,0.002924674889072776,ID-Hard 80 ns
125,1.2627198696136475,1.1237081289291382,0.09397104382514954,-17.30038070678711,0.024334101006388664,0.0744195431470871,-17.30038070678711,0.019271178171038628,0.021541543304920197,0.002792557468637824,0.01705963723361492,0.002211541635915637,ID-Hard 80 ns
126,0.9667534828186035,0.9832362532615662,0.0731746032834053,-17.231163024902344,0.02264285646378994,0.07569106668233871,-17.231163024902344,0.02342154085636139,0.020101865753531456,0.002540991175919771,0.020793166011571884,0.002628375543281436,ID-Hard 80 ns
127,0.9156247973442078,0.9568828344345093,0.07245097309350967,-17.037437438964844,0.022210611030459404,0.07912735641002655,-17.03743553161621,0.024257328361272812,0.019744249060750008,0.00246636220254004,0.021563690155744553,0.002693638438358903,ID-Hard 80 ns
128,0.8689684867858887,0.9321848154067993,0.08215039223432541,-16.26659393310547,0.023099668323993683,0.09453783184289932,-16.26659393310547,0.026582861319184303,0.02049229107797146,0.00260737631469965,0.023582318797707558,0.0030005418229848146,ID-Hard 80 ns
129,1.008483648300171,1.0042328834533691,0.06745858490467072,-17.765718460083008,0.023283198475837708,0.06689109653234482,-17.765718460083008,0.023087333887815475,0.020682036876678467,0.0026011615991592407,0.0205080546438694,0.0025792799424380064,ID-Hard 80 ns
130,1.0586477518081665,1.0289061069488525,0.0837581604719162,-17.038604736328125,0.024346204474568367,0.07911805808544159,-17.038604736328125,0.022997455671429634,0.021584760397672653,0.0027614436112344265,0.020388992503285408,0.002608463168144226,ID-Hard 80 ns
131,1.6860020160675049,1.2984614372253418,0.10899564623832703,-17.916454315185547,0.027764804661273956,0.06464739888906479,-17.916454315185547,0.016467835754156113,0.024564625695347786,0.0032001794315874577,0.014569749124348164,0.0018980875611305237,ID-Hard 80 ns
132,1.5241888761520386,1.234580397605896,0.10151444375514984,-17.784936904907227,0.025784922763705254,0.06660226732492447,-17.78493881225586,0.016917144879698753,0.022834254428744316,0.0029506690334528685,0.014981250278651714,0.001935894601047039,ID-Hard 80 ns
133,0.41388624906539917,0.6433399319648743,0.04170229285955429,-15.987797737121582,0.01998811960220337,0.10075786709785461,-15.987797737121582,0.04829375073313713,0.017791232094168663,0.002196888206526637,0.04298580065369606,0.0053079514764249325,ID-Hard 80 ns
134,0.6283421516418457,0.7926803827285767,0.048104409128427505,-17.179536819458008,0.021737869828939438,0.07655766606330872,-17.179536819458008,0.03459559381008148,0.019331742078065872,0.0024061272852122784,0.030766267329454422,0.00382932648062706,ID-Hard 80 ns
135,0.9493632316589355,0.9743527173995972,0.06611981987953186,-17.592262268066406,0.02296709269285202,0.06964649260044098,-17.592260360717773,0.024192102253437042,0.020405618473887444,0.0025614751502871513,0.021494004875421524,0.002698098076507449,ID-Hard 80 ns
136,0.9548792839050293,0.977179229259491,0.06033976748585701,-18.01491928100586,0.022553453221917152,0.0631909966468811,-18.01491928100586,0.023619167506694794,0.020038532093167305,0.0025149211287498474,0.02098540961742401,0.002633758122101426,ID-Hard 80 ns
137,0.62729811668396,0.7920215129852295,0.06188042834401131,-16.079833984375,0.02119212970137596,0.09864597022533417,-16.079833984375,0.033783186227083206,0.018861932680010796,0.0023301977198570967,0.03006852976977825,0.003714657621458173,ID-Hard 80 ns
138,1.1390546560287476,1.0672650337219238,0.0862656906247139,-17.22913932800293,0.024830980226397514,0.0757344588637352,-17.22913932800293,0.021799638867378235,0.022030601277947426,0.002800379181280732,0.019341127946972847,0.002458511618897319,ID-Hard 80 ns
139,1.0137965679168701,1.006874680519104,0.07314010709524155,-17.43792724609375,0.024311210960149765,0.07214474678039551,-17.43792724609375,0.023980364203453064,0.02157564088702202,0.0027355696074664593,0.021282022818922997,0.0026983418501913548,ID-Hard 80 ns
140,1.6910340785980225,1.3003976345062256,0.15009360015392303,-16.540525436401367,0.027994969859719276,0.08875848352909088,-16.540525436401367,0.01655494049191475,0.02474449947476387,0.0032504696864634752,0.014632762409746647,0.0019221786642447114,ID-Hard 80 ns
141,0.7710952758789062,0.8781203031539917,0.056881316006183624,-17.342947006225586,0.02249489352107048,0.07376690208911896,-17.34294891357422,0.029172653332352638,0.019975487142801285,0.00251940730959177,0.025905342772603035,0.003267310094088316,ID-Hard 80 ns
142,0.8515695333480835,0.9228052496910095,0.05455726757645607,-17.952239990234375,0.021344590932130814,0.06406672298908234,-17.952239990234375,0.025065002962946892,0.019007742404937744,0.0023368492256850004,0.022320834919810295,0.0027441673446446657,ID-Hard 80 ns
143,1.516445279121399,1.2314403057098389,0.09725165367126465,-17.948144912719727,0.02698749676346779,0.06413133442401886,-17.948144912719727,0.017796551808714867,0.023862797766923904,0.003124698530882597,0.015736009925603867,0.0020605416502803564,ID-Hard 80 ns
144,1.0286636352539062,1.0142306089401245,0.08546862006187439,-16.824695587158203,0.023524031043052673,0.08308703452348709,-16.824695587158203,0.022868534550070763,0.02087370678782463,0.002650324022397399,0.020292062312364578,0.0025764729361981153,ID-Hard 80 ns
145,1.2115769386291504,1.1007165908813477,0.09605267643928528,-17.029035568237305,0.024418409913778305,0.07927905768156052,-17.029035568237305,0.020154239609837532,0.021658558398485184,0.002759852446615696,0.017876338213682175,0.0022779011633247137,ID-Hard 80 ns
146,1.017967939376831,1.0089439153671265,0.08270563930273056,-16.921728134155273,0.022873183712363243,0.08124581724405289,-16.921730041503906,0.022469453513622284,0.020338134840130806,0.002535049105063081,0.019979150965809822,0.0024903034791350365,ID-Hard 80 ns
147,0.767909824848175,0.8763046264648438,0.06267665326595306,-16.90178680419922,0.022045711055397987,0.08161981403827667,-16.90178680419922,0.028708724305033684,0.019600844010710716,0.0024448672775179148,0.02552492916584015,0.0031837946735322475,ID-Hard 80 ns
148,1.533452033996582,1.2383263111114502,0.10226357728242874,-17.778242111206055,0.02534465305507183,0.06668847054243088,-17.778242111206055,0.016527840867638588,0.02246537245810032,0.002879279898479581,0.014650195837020874,0.0018776458455249667,ID-Hard 80 ns
149,1.157423734664917,1.0758363008499146,0.07089584320783615,-18.150876998901367,0.02493559941649437,0.0612531416118145,-18.150876998901367,0.02154405601322651,0.022096434608101845,0.0028391655068844557,0.019091051071882248,0.002453004475682974,ID-Hard 80 ns
150,1.178337812423706,1.085512638092041,0.0774608924984932,-17.8422908782959,0.02447151020169258,0.06573741883039474,-17.8422908782959,0.020767822861671448,0.021719694137573242,0.0027518169954419136,0.018432484939694405,0.002335337921977043,ID-Hard 80 ns
151,0.4591476321220398,0.6776043176651001,0.04074649512767792,-16.540447235107422,0.020168377086520195,0.08874377608299255,-16.540447235107422,0.043925691395998,0.017962956801056862,0.002205420983955264,0.03912239894270897,0.004803293850272894,ID-Hard 80 ns
152,1.5418064594268799,1.2416950464248657,0.10995490849018097,-17.489295959472656,0.02794726938009262,0.07131562381982803,-17.489295959472656,0.018126314505934715,0.024677816778421402,0.00326945330016315,0.016005780547857285,0.0021205341909080744,ID-Hard 80 ns
153,1.287306785583496,1.1345953941345215,0.08397988975048065,-17.87389373779297,0.02469210885465145,0.0652369037270546,-17.87389373779297,0.01918121427297592,0.0218778345733881,0.0028142742812633514,0.01699504256248474,0.0021861721761524677,ID-Hard 80 ns
154,1.4818129539489746,1.2172974348068237,0.10019712150096893,-17.72138786315918,0.026237402111291885,0.06761792302131653,-17.72138786315918,0.017706284299492836,0.023205941542983055,0.0030314610339701176,0.01566050574183464,0.0020457785576581955,ID-Hard 80 ns
155,1.1663727760314941,1.0799874067306519,0.08763603866100311,-17.25998306274414,0.025061341002583504,0.07513553649187088,-17.25998306274414,0.021486561745405197,0.022222021594643593,0.00283931870944798,0.01905224658548832,0.002434314927086234,ID-Hard 80 ns
156,0.9308105707168579,0.9647852182388306,0.06497419625520706,-17.578720092773438,0.022132225334644318,0.06980390101671219,-17.578720092773438,0.023777367547154427,0.01966759003698826,0.0024646357633173466,0.021129529923200607,0.0026478380896151066,ID-Hard 80 ns
157,0.801903486251831,0.8954906463623047,0.05772127956151962,-17.449796676635742,0.021850619465112686,0.07198033481836319,-17.449796676635742,0.027248438447713852,0.019416095688939095,0.002434522844851017,0.024212509393692017,0.00303592998534441,ID-Hard 80 ns
158,0.9579706192016602,0.9787597060203552,0.07011684775352478,-17.376163482666016,0.022983547300100327,0.07319310307502747,-17.376163482666016,0.023991912603378296,0.02040359564125538,0.002579951426014304,0.021298769861459732,0.00269314250908792,ID-Hard 80 ns
159,0.9822832942008972,0.9911020398139954,0.06844579428434372,-17.592267990112305,0.023479469120502472,0.06968031078577042,-17.592267990112305,0.023902950808405876,0.020844463258981705,0.002635006094351411,0.02122041955590248,0.0026825317181646824,ID-Hard 80 ns
160,0.9802767038345337,0.9900892376899719,0.06908778846263885,-17.53904151916504,0.021765820682048798,0.07047784328460693,-17.53904151916504,0.022203752771019936,0.01935458928346634,0.0024112313985824585,0.019744006916880608,0.0024597456213086843,ID-Hard 80 ns
161,1.0098967552185059,1.0049362182617188,0.06337029486894608,-18.045616149902344,0.023517951369285583,0.06274927407503128,-18.045616149902344,0.02328748069703579,0.020866183564066887,0.002651766873896122,0.020661700516939163,0.0026257801800966263,ID-Hard 80 ns
162,1.4975895881652832,1.2237604856491089,0.10218623280525208,-17.680301666259766,0.027573106810450554,0.06823379546403885,-17.680301666259766,0.018411658704280853,0.024360859766602516,0.003212247509509325,0.0162667129188776,0.0021449450869113207,ID-Hard 80 ns
163,1.0129015445709229,1.0064301490783691,0.06763839721679688,-17.773006439208984,0.023154109716415405,0.06677686423063278,-17.773006439208984,0.02285919152200222,0.020542344078421593,0.002611764706671238,0.020280692726373672,0.0025784980971366167,ID-Hard 80 ns
164,1.357682466506958,1.1651962995529175,0.09272050857543945,-17.67572593688965,0.025711148977279663,0.06829322874546051,-17.67572593688965,0.018937528133392334,0.02278600074350834,0.0029251480009406805,0.016783012077212334,0.002154515590518713,ID-Hard 80 ns
165,0.9458531141281128,0.9725497961044312,0.07067152857780457,-17.286376953125,0.022368039935827255,0.07471723854541779,-17.286376953125,0.02364853397011757,0.019882142543792725,0.0024858966935425997,0.021020328626036644,0.0026282058097422123,ID-Hard 80 ns
166,1.0922367572784424,1.045101284980774,0.0783952847123146,-17.459749221801758,0.023674970492720604,0.07177499681711197,-17.45975112915039,0.021675676107406616,0.021009104326367378,0.0026658661663532257,0.01923493668437004,0.0024407401215285063,ID-Hard 80 ns
167,1.6207671165466309,1.273093581199646,0.11700189858675003,-17.4361572265625,0.027485346421599388,0.07218920439481735,-17.4361572265625,0.01695823296904564,0.024292683228850365,0.0031926631927490234,0.014988386072218418,0.001969846896827221,ID-Hard 80 ns
168,1.3371305465698242,1.1563435792922974,0.09866725653409958,-17.340469360351562,0.025188971310853958,0.0737902969121933,-17.340469360351562,0.018838079646229744,0.022322161123156548,0.0028668094892054796,0.016694078221917152,0.002144001191481948,ID-Hard 80 ns
169,0.6764086484909058,0.8224406838417053,0.05989764630794525,-16.54713249206543,0.02155984193086624,0.08855244517326355,-16.54713249206543,0.03187398612499237,0.019167879596352577,0.0023919616360217333,0.028337720781564713,0.0035362669732421637,ID-Hard 80 ns
170,1.074251651763916,1.0364611148834229,0.08137014508247375,-17.225812911987305,0.023485952988266945,0.07574589550495148,-17.225812911987305,0.021862618625164032,0.020865095779299736,0.002620856976136565,0.01942291297018528,0.002439704956486821,ID-Hard 80 ns
171,0.6885685920715332,0.8298003077507019,0.059351660311222076,-16.665746688842773,0.02119637280702591,0.08619572222232819,-16.665746688842773,0.030783241614699364,0.018852654844522476,0.002343718660995364,0.027379486709833145,0.0034037549048662186,ID-Hard 80 ns
172,1.5818746089935303,1.2577259540557861,0.11652560532093048,-17.348840713500977,0.02668909914791584,0.07366298139095306,-17.348840713500977,0.016871817409992218,0.02360657788813114,0.003082521725445986,0.01492316648364067,0.001948651159182191,ID-Hard 80 ns
173,0.8091947436332703,0.8995525240898132,0.06269354373216629,-17.126632690429688,0.02243048883974552,0.07747645676136017,-17.126632690429688,0.027719518169760704,0.01991463452577591,0.002515853615477681,0.024610435590147972,0.0031090830452740192,ID-Hard 80 ns
174,1.178386926651001,1.0855352878570557,0.0807911604642868,-17.659648895263672,0.024784928187727928,0.06856081634759903,-17.659648895263672,0.02103292942047119,0.02196630835533142,0.0028186191339045763,0.018640998750925064,0.0023919299710541964,ID-Hard 80 ns
175,0.7138302326202393,0.8448847532272339,0.05867283046245575,-16.87131690979004,0.02107919007539749,0.08219436556100845,-16.87131690979004,0.029529694467782974,0.018770035356283188,0.00230915448628366,0.02629481628537178,0.0032348791137337685,ID-Hard 80 ns
176,1.453750729560852,1.2057158946990967,0.09428443014621735,-17.90288734436035,0.026492198929190636,0.06485597789287567,-17.90288734436035,0.018223343417048454,0.023467419669032097,0.003024779725819826,0.016142670065164566,0.002080672886222601,ID-Hard 80 ns
177,0.7624105215072632,0.8731611967086792,0.06338278204202652,-16.82268524169922,0.022730961441993713,0.0831347331404686,-16.82268524169922,0.029814597219228745,0.02018669806420803,0.00254426384344697,0.02647746540606022,0.0033371311146765947,ID-Hard 80 ns
178,0.7659916281700134,0.8752094507217407,0.05936251953244209,-17.124378204345703,0.021645165979862213,0.07749760895967484,-17.12437629699707,0.02825770527124405,0.019247256219387054,0.0023979097604751587,0.025127241387963295,0.0031304648146033287,ID-Hard 80 ns
179,1.1256392002105713,1.0609614849090576,0.06710208207368851,-18.266542434692383,0.023561377078294754,0.059612419456243515,-18.266542434692383,0.020931553095579147,0.020920168608427048,0.002641209401190281,0.018585145473480225,0.0023464085534214973,ID-Hard 80 ns
180,0.7826897501945496,0.8846975564956665,0.056026577949523926,-17.469192504882812,0.021589236333966255,0.07158209383487701,-17.469192504882812,0.027583390474319458,0.01919226162135601,0.0023969749454408884,0.024520905688405037,0.00306248408742249,ID-Hard 80 ns
181,1.0182151794433594,1.0090664625167847,0.08418820798397064,-16.850053787231445,0.02389814704656601,0.08268214017152786,-16.850053787231445,0.023470627143979073,0.02123812772333622,0.0026600195560604334,0.020858192816376686,0.0026124336291104555,ID-Hard 80 ns
182,0.903924822807312,0.9507496356964111,0.06887757778167725,-17.20157814025879,0.021733418107032776,0.07619833946228027,-17.20157814025879,0.02404339239001274,0.019332220777869225,0.0024011970963329077,0.021386979147791862,0.002656412310898304,ID-Hard 80 ns
183,0.81099534034729,0.9005528092384338,0.06314966082572937,-17.103811264038086,0.022065062075853348,0.07786685973405838,-17.103811264038086,0.027207383885979652,0.019644564017653465,0.002420497126877308,0.024222783744335175,0.002984600607305765,ID-Hard 80 ns
184,1.7343311309814453,1.3169400691986084,0.10323586314916611,-18.27397346496582,0.027960609644651413,0.059524886310100555,-18.27397346496582,0.016121840104460716,0.024742495268583298,0.0032181136775761843,0.0142663037404418,0.0018555358983576298,ID-Hard 80 ns
185,0.7177263498306274,0.847187340259552,0.058657847344875336,-16.895858764648438,0.021179914474487305,0.08172731101512909,-16.895858764648438,0.029509734362363815,0.01884317956864834,0.002336734440177679,0.026253988966345787,0.003255745628848672,ID-Hard 80 ns
186,0.737456202507019,0.8587527275085449,0.06330867111682892,-16.68149185180664,0.02127832919359207,0.08584736287593842,-16.68149185180664,0.028853684663772583,0.01892784796655178,0.0023504814598709345,0.025666402652859688,0.003187282709404826,ID-Hard 80 ns
187,1.152855634689331,1.0737111568450928,0.08779699355363846,-17.20470428466797,0.02437269315123558,0.07615609467029572,-17.20470428466797,0.02114114910364151,0.021573461592197418,0.002799231791868806,0.01871306449174881,0.002428085310384631,ID-Hard 80 ns
188,1.045801043510437,1.0226441621780396,0.07730255275964737,-17.33453941345215,0.025017594918608665,0.07391706854104996,-17.33453941345215,0.023921946063637733,0.022148454561829567,0.002869140123948455,0.021178459748625755,0.002743485616520047,ID-Hard 80 ns
189,0.8793320655822754,0.9377270936965942,0.07203836739063263,-16.888341903686523,0.023104485124349594,0.0819239616394043,-16.888341903686523,0.026275038719177246,0.020501239225268364,0.002603246131911874,0.02331455796957016,0.0029604812152683735,ID-Hard 80 ns
190,1.388980746269226,1.1785502433776855,0.1029384508728981,-17.32179069519043,0.026421165093779564,0.07411079108715057,-17.32179069519043,0.019021980464458466,0.023393290117383003,0.0030278756748884916,0.016842054203152657,0.002179926261305809,ID-Hard 80 ns
191,0.9784731268882751,0.9891780018806458,0.08287044614553452,-16.7445068359375,0.02372041530907154,0.08469363301992416,-16.744508743286133,0.024242276325821877,0.02105376310646534,0.002666652901098132,0.021516956388950348,0.0027253206353634596,ID-Hard 80 ns
192,0.7531431913375854,0.8678382039070129,0.05761897936463356,-17.184612274169922,0.021273121237754822,0.0765046775341034,-17.184612274169922,0.02824578434228897,0.01891622506082058,0.002356895711272955,0.025116372853517532,0.003129412420094013,ID-Hard 80 ns
193,1.4155383110046387,1.1897640228271484,0.08368740230798721,-18.30217742919922,0.02708590216934681,0.0591205433011055,-18.30217742919922,0.019134700298309326,0.023951267823576927,0.0031346336472779512,0.01692025363445282,0.0022144464310258627,ID-Hard 80 ns
194,1.066845178604126,1.0328819751739502,0.08387519419193268,-17.06612205505371,0.024832390248775482,0.07861983776092529,-17.066123962402344,0.023276470601558685,0.022004002705216408,0.0028283880092203617,0.020625300705432892,0.002651170128956437,ID-Hard 80 ns
195,1.2026138305664062,1.096637487411499,0.09060880541801453,-17.25156021118164,0.024723699316382408,0.07534322887659073,-17.25156021118164,0.020558303222060204,0.02191726118326187,0.0028064376674592495,0.0182246882468462,0.0023336149752140045,ID-Hard 80 ns
196,1.1075644493103027,1.0524089336395264,0.07710744440555573,-17.59341812133789,0.02361612766981125,0.06961891800165176,-17.59341812133789,0.021322578191757202,0.020960776135325432,0.002655352232977748,0.018925108015537262,0.002397469710558653,ID-Hard 80 ns
197,0.932472288608551,0.9656460285186768,0.06911023706197739,-17.32018280029297,0.022434812039136887,0.07411506026983261,-17.32018280029297,0.024059493094682693,0.019931809976696968,0.002503002295270562,0.021375229582190514,0.0026842644438147545,ID-Hard 80 ns
198,1.1597963571548462,1.0769383907318115,0.08233026415109634,-17.5078125,0.023967215791344643,0.07098682969808578,-17.5078125,0.020665021613240242,0.021271875128149986,0.0026953404303640127,0.01834104396402836,0.00232397741638124,ID-Hard 80 ns
199,0.9608490467071533,0.9802290797233582,0.0764927864074707,-17.01205062866211,0.02271861955523491,0.07960958033800125,-17.01205062866211,0.02364431694149971,0.02019049972295761,0.0025281200651079416,0.021013185381889343,0.002631131326779723,ID-Hard 80 ns
0,0.6140566468238831,0.7836176753044128,0.08007889240980148,-14.868459701538086,0.021131930872797966,0.1304096281528473,-14.868459701538086,0.0344136506319046,0.018776865676045418,0.0023550651967525482,0.03057839348912239,0.0038352571427822113,OOD-Near 120 ns
1,0.9030827283859253,0.9503066539764404,0.11163647472858429,-15.095315933227539,0.022765349596738815,0.12361709773540497,-15.095317840576172,0.0252084881067276,0.020234234631061554,0.0025311142671853304,0.02240573801100254,0.002802749164402485,OOD-Near 120 ns
2,0.8589515089988708,0.9267963767051697,0.10120269656181335,-15.308485984802246,0.022946849465370178,0.11782120168209076,-15.30848503112793,0.026714952662587166,0.0203730259090662,0.0025738233234733343,0.02371848188340664,0.0029964710120111704,OOD-Near 120 ns
3,1.0359692573547363,1.017825722694397,0.12155506014823914,-15.326367378234863,0.024266263470053673,0.11733463406562805,-15.326367378234863,0.023423729464411736,0.021531062200665474,0.00273520196788013,0.020783495157957077,0.002640234772115946,OOD-Near 120 ns
4,1.1561195850372314,1.0752300024032593,0.12825129926204681,-15.568979263305664,0.02452445775270462,0.11093255877494812,-15.568979263305664,0.021212734282016754,0.021732600405812263,0.0027918582782149315,0.01879788190126419,0.002414852613583207,OOD-Near 120 ns
5,0.5762900114059448,0.7591376900672913,0.08221343904733658,-14.47834587097168,0.021393263712525368,0.14265984296798706,-14.478344917297363,0.037122391164302826,0.019038992002606392,0.002354271477088332,0.03303717076778412,0.00408521993085742,OOD-Near 120 ns
6,1.0375819206237793,1.0186176300048828,0.10393362492322922,-16.01349639892578,0.023301994428038597,0.10016908496618271,-16.01349639892578,0.02245797961950302,0.02070085145533085,0.0026011427398771048,0.019951052963733673,0.0025069275870919228,OOD-Near 120 ns
7,1.2077674865722656,1.098984718322754,0.09770545363426208,-16.939786911010742,0.025824295356869698,0.08089756965637207,-16.939786911010742,0.021381843835115433,0.022883106023073196,0.0029411897994577885,0.018946615979075432,0.002435228554531932,OOD-Near 120 ns
8,1.1661055088043213,1.0798636674880981,0.1044972762465477,-16.499210357666016,0.024266062304377556,0.0896122008562088,-16.499210357666016,0.020809492096304893,0.02153014950454235,0.002735912799835205,0.018463294953107834,0.0023461966775357723,OOD-Near 120 ns
9,1.1145787239074707,1.0557360649108887,0.12435204535722733,-15.546829223632812,0.024702394381165504,0.11156865954399109,-15.546829223632812,0.022162986919283867,0.021874161437153816,0.002828233176842332,0.019625496119260788,0.002537490800023079,OOD-Near 120 ns
10,1.024099349975586,1.0119779109954834,0.11589251458644867,-15.483965873718262,0.024461738765239716,0.11316531151533127,-15.483965873718262,0.023886099457740784,0.02167312614619732,0.0027886121533811092,0.021163109689950943,0.0027229897677898407,OOD-Near 120 ns
11,0.7207810878753662,0.8489882946014404,0.07347257435321808,-15.938214302062988,0.02161126583814621,0.10193464159965515,-15.938214302062988,0.029983118176460266,0.01921604387462139,0.0023952217306941748,0.026660026982426643,0.0033230918925255537,OOD-Near 120 ns
12,1.4873275756835938,1.2195603847503662,0.1280118077993393,-16.67432403564453,0.026740968227386475,0.08606834709644318,-16.67432403564453,0.017979204654693604,0.023649662733078003,0.0030913050286471844,0.01590077579021454,0.0020784290973097086,OOD-Near 120 ns
13,0.7988660335540771,0.8937930464744568,0.10291571915149689,-14.922609329223633,0.021731426939368248,0.1288272589445114,-14.922609329223633,0.027202842757105827,0.019336704164743423,0.002394723240286112,0.02420518919825554,0.002997653093189001,OOD-Near 120 ns
14,0.575340986251831,0.7585123777389526,0.1028159111738205,-13.50187873840332,0.020685499534010887,0.17870429158210754,-13.50187873840332,0.03595346212387085,0.018418435007333755,0.0022670652251690626,0.03201307728886604,0.003940385300666094,OOD-Near 120 ns
15,0.8607711791992188,0.9277775287628174,0.116059310734272,-14.721626281738281,0.02242473140358925,0.1348317712545395,-14.721626281738281,0.02605190873146057,0.01993599161505699,0.002488739788532257,0.023160617798566818,0.0028912907000631094,OOD-Near 120 ns
16,1.4740605354309082,1.214108943939209,0.1482163816690445,-15.997160911560059,0.02675054594874382,0.10054971277713776,-15.997160911560059,0.01814752258360386,0.023647133260965347,0.003103412687778473,0.01604217290878296,0.0021053494419902563,OOD-Near 120 ns
17,0.7651575207710266,0.8747328519821167,0.10455617308616638,-14.663995742797852,0.021579623222351074,0.1366465836763382,-14.663995742797852,0.028202850371599197,0.019177138805389404,0.0024024834856390953,0.02506299503147602,0.0031398548744618893,OOD-Near 120 ns
18,1.7392899990081787,1.3188214302062988,0.14238928258419037,-16.891494750976562,0.02797072008252144,0.08186633139848709,-16.891494750976562,0.016081688925623894,0.02471068874001503,0.0032600308768451214,0.014207342639565468,0.0018743458203971386,OOD-Near 120 ns
19,0.9564899206161499,0.9780030250549316,0.09797924011945724,-15.915160179138184,0.02232607640326023,0.10243625938892365,-15.915160179138184,0.023341674357652664,0.01983959600329399,0.002486479701474309,0.020742086693644524,0.0025995878968387842,OOD-Near 120 ns
20,0.8821152448654175,0.9392098784446716,0.0973217561841011,-15.593057632446289,0.022432764992117882,0.11032772064208984,-15.593057632446289,0.025430651381611824,0.019928861409425735,0.0025039042811840773,0.022592129185795784,0.002838522894307971,OOD-Near 120 ns
21,1.12882661819458,1.062462568283081,0.1063070297241211,-16.28034782409668,0.023743128404021263,0.09417479485273361,-16.28034782409668,0.021033458411693573,0.02106541581451893,0.0026777118910104036,0.018661338835954666,0.0023721198085695505,OOD-Near 120 ns
22,0.5591371059417725,0.747754693031311,0.0920792818069458,-13.856287002563477,0.021424148231744766,0.16468103229999542,-13.856287002563477,0.038316451013088226,0.019053569063544273,0.0023705800995230675,0.034076739102602005,0.004239711444824934,OOD-Near 120 ns
23,1.2247458696365356,1.1066824197769165,0.10549484193325043,-16.671022415161133,0.026081522926688194,0.0861361026763916,-16.671022415161133,0.0212954580783844,0.023098977282643318,0.002982546342536807,0.018860220909118652,0.0024352369364351034,OOD-Near 120 ns
24,0.7655942440032959,0.8749824166297913,0.0944230705499649,-15.108981132507324,0.021743247285485268,0.12333304435014725,-15.10898208618164,0.0284004844725132,0.019334902986884117,0.0024083436001092196,0.025254765525460243,0.003145718015730381,OOD-Near 120 ns
25,0.8792870044708252,0.9377030730247498,0.1120237484574318,-14.968835830688477,0.022983422502875328,0.12740293145179749,-14.96883487701416,0.026138704270124435,0.020408205687999725,0.00257521728053689,0.02320994809269905,0.0029287561774253845,OOD-Near 120 ns
26,0.7137138843536377,0.8448159098625183,0.0845622792840004,-15.284265518188477,0.02114224247634411,0.11848203092813492,-15.284265518188477,0.02962285466492176,0.018808038905262947,0.002334203105419874,0.026352351531386375,0.003270502667874098,OOD-Near 120 ns
27,1.1740721464157104,1.0835460424423218,0.1136816069483757,-16.160587310791016,0.025258032605051994,0.09682677686214447,-16.160587310791016,0.021513186395168304,0.022389888763427734,0.0028681443072855473,0.019070284441113472,0.002442902885377407,OOD-Near 120 ns
28,1.3176394701004028,1.147884726524353,0.12404295057058334,-16.28353500366211,0.0248322281986475,0.09414029121398926,-16.28353500366211,0.018845995888113976,0.022017991170287132,0.0028142377268522978,0.016710178926587105,0.0021358176600188017,OOD-Near 120 ns
29,1.1855196952819824,1.088815689086914,0.10747470706701279,-16.445199966430664,0.024664029479026794,0.09065619856119156,-16.445199966430664,0.020804403349757195,0.02185894176363945,0.002805088646709919,0.018438277766108513,0.0023661258164793253,OOD-Near 120 ns
30,0.5919421315193176,0.7693777680397034,0.10894644260406494,-13.372467041015625,0.02120976895093918,0.18404912948608398,-13.372467994689941,0.03583081439137459,0.018870819360017776,0.002338948892429471,0.031879499554634094,0.003951313439756632,OOD-Near 120 ns
31,1.134739875793457,1.0652416944503784,0.12912678718566895,-15.459163665771484,0.02423451840877533,0.11379417032003403,-15.459163665771484,0.021356893703341484,0.02151828072965145,0.002716236747801304,0.01896318420767784,0.002393708797171712,OOD-Near 120 ns
32,0.9418507814407349,0.9704899787902832,0.10395313799381256,-15.591978073120117,0.023496538400650024,0.11037112772464752,-15.591978073120117,0.02494719997048378,0.02084341086447239,0.002653127769008279,0.022130269557237625,0.0028169299475848675,OOD-Near 120 ns
33,1.4500141143798828,1.2041653394699097,0.13245388865470886,-16.413442611694336,0.025940563529729843,0.0913466140627861,-16.413440704345703,0.01788986846804619,0.022999370470643044,0.0029411937575787306,0.015861479565501213,0.00202838983386755,OOD-Near 120 ns
34,0.8846142888069153,0.9405393600463867,0.11430478096008301,-14.908208847045898,0.022915510460734367,0.12921427190303802,-14.908207893371582,0.025904521346092224,0.020353855565190315,0.0025616551283746958,0.023008733987808228,0.0028957875911146402,OOD-Near 120 ns
35,0.9159945845603943,0.9570760726928711,0.12967076897621155,-14.510169982910156,0.023709379136562347,0.1415628045797348,-14.510169982910156,0.025883756577968597,0.02099752239882946,0.002711856970563531,0.022923195734620094,0.002960560144856572,OOD-Near 120 ns
36,1.3609683513641357,1.1666054725646973,0.15358056128025055,-15.494933128356934,0.027021996676921844,0.11284653097391129,-15.494933128356934,0.01985497772693634,0.023901719599962234,0.0031202773097902536,0.01756228879094124,0.0022926891688257456,OOD-Near 120 ns
37,1.077695369720459,1.0381211042404175,0.12323310226202011,-15.437321662902832,0.02488241158425808,0.11434873193502426,-15.437321662902832,0.02308853715658188,0.022042496129870415,0.0028399149887263775,0.02045336365699768,0.002635174198076129,OOD-Near 120 ns
38,0.9466413259506226,0.9729549288749695,0.13886381685733795,-14.354552268981934,0.023329289630055428,0.14669106900691986,-14.35455322265625,0.0246442761272192,0.020691873505711555,0.002637416124343872,0.021858198568224907,0.002786077558994293,OOD-Near 120 ns
39,0.889212965965271,0.9429808855056763,0.103176549077034,-15.376842498779297,0.023184804245829582,0.11603131145238876,-15.376842498779297,0.026073399931192398,0.020543424412608147,0.002641380066052079,0.023102929815649986,0.0029704696498811245,OOD-Near 120 ns
40,0.54552161693573,0.7385943531990051,0.0872114822268486,-13.9835205078125,0.02034035325050354,0.1598680466413498,-13.983521461486816,0.03728606179356575,0.01810290478169918,0.002237448701635003,0.03318457677960396,0.004101485013961792,OOD-Near 120 ns
41,0.8552800416946411,0.9248135089874268,0.11268065869808197,-14.82368278503418,0.023049741983413696,0.1317470818758011,-14.82368278503418,0.026949936524033546,0.020461680367588997,0.002588062547147274,0.023923953995108604,0.003025982528924942,OOD-Near 120 ns
42,0.7076007127761841,0.8411900401115417,0.08260373026132584,-15.348721504211426,0.021350368857383728,0.11673777550458908,-15.348721504211426,0.03017290309071541,0.018983501940965652,0.002366866683587432,0.026827985420823097,0.003344918368384242,OOD-Near 120 ns
43,0.901183009147644,0.9493066072463989,0.10615339130163193,-15.309208869934082,0.023295026272535324,0.11779336631298065,-15.309208869934082,0.02584938518702984,0.020652838051319122,0.0026421884540468454,0.022917473688721657,0.0029319110326468945,OOD-Near 120 ns
44,1.1301586627960205,1.0630892515182495,0.12063214182853699,-15.738386154174805,0.02522330731153488,0.1067391186952591,-15.738384246826172,0.02231837622821331,0.022306470200419426,0.0029168373439460993,0.019737467169761658,0.00258090952411294,OOD-Near 120 ns
45,1.2601773738861084,1.1225762367248535,0.12156443297863007,-16.174209594726562,0.024966919794678688,0.09646613150835037,-16.174209594726562,0.01981222629547119,0.022147666662931442,0.0028192526660859585,0.017575038596987724,0.00223718723282218,OOD-Near 120 ns
46,1.0211787223815918,1.0105339288711548,0.12535212934017181,-15.131113052368164,0.023688998073339462,0.12275237590074539,-15.131113052368164,0.023197699338197708,0.021018479019403458,0.00267051812261343,0.020582566037774086,0.002615132834762335,OOD-Near 120 ns
47,0.6111667156219482,0.7817715406417847,0.0850592628121376,-14.587069511413574,0.0217566080391407,0.1391752064228058,-14.587069511413574,0.035598479211330414,0.019322585314512253,0.002434021793305874,0.03161589801311493,0.0039825825951993465,OOD-Near 120 ns
48,0.7893060445785522,0.8884289860725403,0.10142914205789566,-14.92933177947998,0.0218990258872509,0.1285042017698288,-14.92933177947998,0.027744658291339874,0.019466741010546684,0.0024322853423655033,0.024663109332323074,0.0030815491918474436,OOD-Near 120 ns
49,0.7298578023910522,0.8543171286582947,0.10193155705928802,-14.571077346801758,0.022445015609264374,0.13965947926044464,-14.571077346801758,0.03075258806347847,0.01991657353937626,0.0025284430012106895,0.027288293465971947,0.003464295295998454,OOD-Near 120 ns
50,0.7684126496315002,0.8765915036201477,0.1078888550400734,-14.542311668395996,0.02235855534672737,0.1404048651456833,-14.542311668395996,0.029097067192196846,0.01983795501291752,0.0025206005666404963,0.025816798210144043,0.0032802694477140903,OOD-Near 120 ns
51,0.9883862733840942,0.9941761493682861,0.10595504939556122,-15.717880249023438,0.02472028136253357,0.10720004886388779,-15.717879295349121,0.02501074969768524,0.02187672071158886,0.002843561116605997,0.022133776918053627,0.0028769734781235456,OOD-Near 120 ns
52,1.0271883010864258,1.0135029554367065,0.11794624477624893,-15.422412872314453,0.023840878158807755,0.11482436954975128,-15.422412872314453,0.023209840059280396,0.02116657979786396,0.0026742981281131506,0.020606327801942825,0.002603512955829501,OOD-Near 120 ns
53,0.9249820709228516,0.9617598652839661,0.09569080919027328,-15.874231338500977,0.023145735263824463,0.10345153510570526,-15.874231338500977,0.025022901594638824,0.020533472299575806,0.0026122627314180136,0.02219877950847149,0.002824122551828623,OOD-Near 120 ns
54,1.0996177196502686,1.0486265420913696,0.10419405251741409,-16.255949020385742,0.02375705912709236,0.09475480765104294,-16.255949020385742,0.021604835987091064,0.02107206918299198,0.0026849894784390926,0.019163087010383606,0.002441748045384884,OOD-Near 120 ns
55,0.8868030309677124,0.9417021870613098,0.12151875346899033,-14.654510498046875,0.02378901280462742,0.13703015446662903,-14.654510498046875,0.026825588196516037,0.02111154794692993,0.0026774650905281305,0.023806355893611908,0.0030192332342267036,OOD-Near 120 ns
56,1.0893199443817139,1.043704867362976,0.1199457198381424,-15.6029052734375,0.02387571521103382,0.11011065542697906,-15.6029052734375,0.021918000653386116,0.021209780126810074,0.0026659348513931036,0.019470661878585815,0.0024473387748003006,OOD-Near 120 ns
57,0.7952312231063843,0.8917573690414429,0.09544584155082703,-15.230402946472168,0.022341322153806686,0.12002275884151459,-15.230401992797852,0.02809411846101284,0.01985393837094307,0.0024873828515410423,0.024966245517134666,0.003127873642370105,OOD-Near 120 ns
58,1.0877033472061157,1.0429301261901855,0.136014923453331,-15.049781799316406,0.02433580346405506,0.12504781782627106,-15.049781799316406,0.022373566403985023,0.02156548574566841,0.0027703172527253628,0.019826624542474747,0.002546941861510277,OOD-Near 120 ns
59,0.601231575012207,0.7753912210464478,0.09652524441480637,-13.964733123779297,0.021365772932767868,0.16054588556289673,-13.964733123779297,0.03553667664527893,0.018999679014086723,0.0023660941515117884,0.03160126507282257,0.0039354125037789345,OOD-Near 120 ns
60,0.9299607872962952,0.9643447399139404,0.09891267120838165,-15.752373695373535,0.0226718932390213,0.10636219382286072,-15.752373695373535,0.024379407986998558,0.020103590562939644,0.002568303607404232,0.021617675200104713,0.002761733252555132,OOD-Near 120 ns
61,0.5246877670288086,0.7243533730506897,0.11308661848306656,-12.684825897216797,0.02177371457219124,0.21553125977516174,-12.684825897216797,0.04149842634797096,0.019341444596648216,0.0024322704412043095,0.03686277195811272,0.004635652992874384,OOD-Near 120 ns
62,1.1266202926635742,1.061423659324646,0.10896041989326477,-16.166711807250977,0.025464579463005066,0.09671441465616226,-16.166711807250977,0.022602628916502,0.022559992969036102,0.0029045874252915382,0.020024485886096954,0.0025781423319131136,OOD-Near 120 ns
63,0.7541189789772034,0.8684002161026001,0.08661002665758133,-15.420938491821289,0.022733958438038826,0.11484929919242859,-15.420938491821289,0.03014638088643551,0.020175201818346977,0.0025587568525224924,0.026753339916467667,0.0033930412027984858,OOD-Near 120 ns
64,1.428783893585205,1.1953175067901611,0.13009820878505707,-16.426027297973633,0.02604222297668457,0.09105519950389862,-16.426027297973633,0.01822684518992901,0.023092392832040787,0.0029498303774744272,0.016162270680069923,0.0020645742770284414,OOD-Near 120 ns
65,1.2217670679092407,1.1053357124328613,0.13099738955497742,-15.717748641967773,0.023767633363604546,0.10721960663795471,-15.71774959564209,0.019453490152955055,0.02111736126244068,0.002650271402671933,0.017284277826547623,0.0021692116279155016,OOD-Near 120 ns
66,1.014352798461914,1.0071508884429932,0.13622824847698212,-14.73879337310791,0.023715192452073097,0.13430064916610718,-14.73879337310791,0.023379629477858543,0.02100295200943947,0.002712240209802985,0.02070576697587967,0.002673862734809518,OOD-Near 120 ns
67,0.7803317308425903,0.8833638429641724,0.1253824084997177,-13.960126876831055,0.022188302129507065,0.16067835688591003,-13.960126876831055,0.028434447944164276,0.019704580307006836,0.002483722288161516,0.025251543149352074,0.003182905726134777,OOD-Near 120 ns
68,0.9666411876678467,0.9831791520118713,0.11694713681936264,-15.194153785705566,0.02311832457780838,0.12098297476768494,-15.194153785705566,0.02391613833606243,0.020538147538900375,0.002580176340416074,0.02124691940844059,0.0026692182291299105,OOD-Near 120 ns
69,0.8210340738296509,0.9061093330383301,0.12094958871603012,-14.337578773498535,0.02358604595065117,0.1473136842250824,-14.337579727172852,0.028727242723107338,0.020941250026226044,0.002644795458763838,0.025505945086479187,0.0032212981022894382,OOD-Near 120 ns
70,1.0819423198699951,1.040164589881897,0.11120564490556717,-15.902303695678711,0.024830596521496773,0.10278332978487015,-15.902303695678711,0.02295001782476902,0.02202444337308407,0.002806153381243348,0.020356392487883568,0.002593625569716096,OOD-Near 120 ns
71,1.5004843473434448,1.2249425649642944,0.15963438153266907,-15.749937057495117,0.025878507643938065,0.10638857632875443,-15.749937057495117,0.01724676974117756,0.022928280755877495,0.002950226189568639,0.015280586667358875,0.0019661826081573963,OOD-Near 120 ns
72,0.9639517068862915,0.981810450553894,0.11780824512243271,-15.150196075439453,0.02547408454120159,0.12221382558345795,-15.150197982788086,0.02642672322690487,0.022579951211810112,0.0028941333293914795,0.023424359038472176,0.0030023634899407625,OOD-Near 120 ns
73,1.1733698844909668,1.0832220315933228,0.12042965739965439,-15.908342361450195,0.024620071053504944,0.1026357114315033,-15.908342361450195,0.02098236046731472,0.0218218844383955,0.002798185683786869,0.018597617745399475,0.0023847429547458887,OOD-Near 120 ns
74,1.2787413597106934,1.1308144330978394,0.11045241355895996,-16.65645408630371,0.02424856275320053,0.0863758772611618,-16.656455993652344,0.018962837755680084,0.021502207964658737,0.002746355487033725,0.01681513525545597,0.002147702034562826,OOD-Near 120 ns
75,1.2847951650619507,1.1334880590438843,0.17356990277767181,-14.71351432800293,0.02542305365204811,0.13509538769721985,-14.71351432800293,0.019787631928920746,0.022522497922182083,0.0029005552642047405,0.017530029639601707,0.0022576013579964638,OOD-Near 120 ns
76,0.6886803507804871,0.8298676609992981,0.11174743622541428,-13.920036315917969,0.02170788124203682,0.1622631549835205,-13.920038223266602,0.03152098506689072,0.019283616915345192,0.0024242650251835585,0.02800082415342331,0.0035201599821448326,OOD-Near 120 ns
77,1.3573600053787231,1.165057897567749,0.1380380094051361,-15.946126937866211,0.024382978677749634,0.1016959473490715,-15.946126937866211,0.017963528633117676,0.021646646782755852,0.0027363309636712074,0.015947608277201653,0.002015921287238598,OOD-Near 120 ns
78,1.074941635131836,1.0367939472198486,0.12001878768205643,-15.540925025939941,0.023770544677972794,0.11165142804384232,-15.540925025939941,0.022113336250185966,0.02108609303832054,0.002684452570974827,0.019616035744547844,0.002497300738468766,OOD-Near 120 ns
79,1.289732813835144,1.1356639862060547,0.12503723800182343,-16.15605926513672,0.02464791014790535,0.09694817662239075,-16.15605926513672,0.019110865890979767,0.021872689947485924,0.0027752206660807133,0.016959086060523987,0.0021517795976251364,OOD-Near 120 ns
80,1.2918298244476318,1.1365869045257568,0.1404121071100235,-15.658020973205566,0.025559913367033005,0.10869242250919342,-15.658020973205566,0.019785819575190544,0.022640762850642204,0.0029191498178988695,0.017526118084788322,0.0022597014904022217,OOD-Near 120 ns
81,0.7841713428497314,0.8855345249176025,0.08503787219524384,-15.667675971984863,0.021485263481736183,0.10844296962022781,-15.667675971984863,0.02739868499338627,0.01910068839788437,0.0023845748510211706,0.02435779944062233,0.0030408850871026516,OOD-Near 120 ns
82,1.3230104446411133,1.1502219438552856,0.1456523835659027,-15.601834297180176,0.026260077953338623,0.11009164154529572,-15.60183334350586,0.01984873041510582,0.023233048617839813,0.003027029102668166,0.017560744658112526,0.0022879857569932938,OOD-Near 120 ns
83,1.295668363571167,1.1382743120193481,0.15015068650245667,-15.379958152770996,0.026411399245262146,0.11588667333126068,-15.379958152770996,0.02038438245654106,0.02337603084743023,0.003035367466509342,0.01804167777299881,0.0023427039850503206,OOD-Near 120 ns
84,1.0255889892578125,1.0127136707305908,0.111437126994133,-15.659441947937012,0.024478185921907425,0.10865671932697296,-15.659441947937012,0.023867443203926086,0.02169007807970047,0.0027881076093763113,0.02114889957010746,0.0027185429353266954,OOD-Near 120 ns
85,0.9534238576889038,0.9764342308044434,0.12232194095849991,-14.939718246459961,0.023902222514152527,0.12829755246639252,-14.939718246459961,0.025069881230592728,0.021190699189901352,0.002711522625759244,0.022225895896553993,0.00284398440271616,OOD-Near 120 ns
86,0.5997989177703857,0.774466872215271,0.07604997605085373,-14.987458229064941,0.02080923691391945,0.12679246068000793,-14.987458229064941,0.03469368815422058,0.018517380580306053,0.0022918565664440393,0.0308726467192173,0.0038210414350032806,OOD-Near 120 ns
87,0.7360127568244934,0.8579118847846985,0.10804364085197449,-14.350528717041016,0.02136942371726036,0.14679588377475739,-14.350528717041016,0.029034040868282318,0.01901046372950077,0.0023589609190821648,0.02582898736000061,0.0032050544396042824,OOD-Near 120 ns
88,0.9057435989379883,0.9517056345939636,0.09120138734579086,-15.992034912109375,0.023150969296693802,0.1006922721862793,-15.992034912109375,0.025560177862644196,0.02055867202579975,0.002592297038063407,0.022698113694787025,0.0028620650991797447,OOD-Near 120 ns
89,1.3555428981781006,1.1642777919769287,0.12009592354297638,-16.54381561279297,0.02485480345785618,0.08859619498252869,-16.54381561279297,0.018335681408643723,0.02203308418393135,0.002821719041094184,0.016254065558314323,0.002081615384668112,OOD-Near 120 ns
90,0.666463315486908,0.8163720369338989,0.08932171016931534,-14.748087882995605,0.020849939435720444,0.13402344286441803,-14.748087882995605,0.031284451484680176,0.018557433038949966,0.0022925070952624083,0.027844643220305443,0.0034398098941892385,OOD-Near 120 ns
91,1.9907786846160889,1.4109495878219604,0.2174844592809677,-15.634683609008789,0.03194686397910118,0.10924592614173889,-15.634681701660156,0.016047421842813492,0.02812221832573414,0.0038246463518589735,0.014126240275800228,0.0019211811013519764,OOD-Near 120 ns
92,1.1201940774917603,1.0583921670913696,0.10117840766906738,-16.46207046508789,0.02412310801446438,0.09032222628593445,-16.462068557739258,0.021534757688641548,0.021391678601503372,0.00273142964579165,0.019096404314041138,0.0024383538402616978,OOD-Near 120 ns
93,1.4024502038955688,1.1842509508132935,0.12780752778053284,-16.424278259277344,0.02649126760661602,0.09113158285617828,-16.424278259277344,0.018889274448156357,0.02342657558619976,0.0030646915547549725,0.016704034060239792,0.0021852408535778522,OOD-Near 120 ns
94,1.2539284229278564,1.119789481163025,0.10632660239934921,-16.7376708984375,0.025755710899829865,0.0847947895526886,-16.7376708984375,0.020540017634630203,0.022817840799689293,0.002937871031463146,0.018197083845734596,0.0023429335560649633,OOD-Near 120 ns
95,1.192897915840149,1.0921986103057861,0.10053714364767075,-16.763336181640625,0.026194468140602112,0.08427976071834564,-16.763336181640625,0.02195868454873562,0.02318708971142769,0.003007378662005067,0.01943761482834816,0.002521069487556815,OOD-Near 120 ns
96,0.7851746082305908,0.8861007690429688,0.08609173446893692,-15.621347427368164,0.022852472960948944,0.10964661091566086,-15.621347427368164,0.02910495549440384,0.02028246410191059,0.002570008160546422,0.025831788778305054,0.00327316764742136,OOD-Near 120 ns
97,0.8967759609222412,0.9469825625419617,0.09475534409284592,-15.780301094055176,0.022618453949689865,0.10566221922636032,-15.780302047729492,0.025221968069672585,0.02006794884800911,0.0025505060330033302,0.02237788401544094,0.002844083821401,OOD-Near 120 ns
98,1.004789113998413,1.0023916959762573,0.10893227905035019,-15.668222427368164,0.022347819060087204,0.10841307789087296,-15.668222427368164,0.02224130369722843,0.019825724884867668,0.002522094873711467,0.019731229171156883,0.0025100738275796175,OOD-Near 120 ns
99,1.6478725671768188,1.283694863319397,0.1802324652671814,-15.630847930908203,0.028901277109980583,0.1093728244304657,-15.630847930908203,0.017538538202643394,0.025463921949267387,0.0034373553935438395,0.015452603809535503,0.002085935091599822,OOD-Near 120 ns
100,1.3264706134796143,1.1517250537872314,0.11928112804889679,-16.4815673828125,0.024407336488366127,0.0899236872792244,-16.4815673828125,0.01840020902454853,0.021636728197336197,0.0027706087566912174,0.01631150208413601,0.002088707173243165,OOD-Near 120 ns
101,0.8598098754882812,0.9272593259811401,0.11695478856563568,-14.684344291687012,0.02240825816988945,0.13602399826049805,-14.684344291687012,0.026061875745654106,0.01989203691482544,0.002516221022233367,0.023135390132665634,0.0029264853801578283,OOD-Near 120 ns
102,1.2418709993362427,1.114392638206482,0.15178577601909637,-15.148984909057617,0.02419937402009964,0.12222345918416977,-15.14898681640625,0.01948622241616249,0.02147073671221733,0.0027286370750516653,0.017289023846387863,0.0021971985697746277,OOD-Near 120 ns
103,0.803288996219635,0.8962638974189758,0.10202696174383163,-14.983160018920898,0.02241898700594902,0.12701153755187988,-14.983160018920898,0.027908992022275925,0.019912898540496826,0.002506087999790907,0.02478920854628086,0.0031197837088257074,OOD-Near 120 ns
104,1.423168659210205,1.192966341972351,0.16043609380722046,-15.500436782836914,0.02621486596763134,0.11273159831762314,-15.500436782836914,0.01842007040977478,0.023193413391709328,0.0030214523430913687,0.016297023743391037,0.0021230459678918123,OOD-Near 120 ns
105,0.7188118696212769,0.8478277325630188,0.09372520446777344,-14.869098663330078,0.022030051797628403,0.13038906455039978,-14.869098663330078,0.030647866427898407,0.019552208483219147,0.002477842615917325,0.0272007305175066,0.003447136376053095,OOD-Near 120 ns
106,1.6547808647155762,1.2863829135894775,0.1562894880771637,-16.26814079284668,0.02762598916888237,0.09444723278284073,-16.26814079284668,0.016694651916623116,0.024451497942209244,0.003174491925165057,0.014776275493204594,0.0019183760741725564,OOD-Near 120 ns
107,1.2537474632263184,1.1197086572647095,0.12259253859519958,-16.11899185180664,0.02325279638171196,0.09778089076280594,-16.11899185180664,0.018546633422374725,0.020677322521805763,0.002575472928583622,0.016492413356900215,0.0020542198326438665,OOD-Near 120 ns
108,0.5980857610702515,0.7733600735664368,0.08774151653051376,-14.355409622192383,0.021304314956068993,0.14670391380786896,-14.355409622192383,0.035620834678411484,0.01893571950495243,0.0023685952182859182,0.0316605418920517,0.003960293717682362,OOD-Near 120 ns
109,1.0916810035705566,1.0448354482650757,0.11179790645837784,-15.918886184692383,0.024263955652713776,0.10240893065929413,-15.918886184692383,0.022226231172680855,0.021512480452656746,0.0027514747343957424,0.01970583014190197,0.002520401729270816,OOD-Near 120 ns
110,0.5633165836334229,0.7505441904067993,0.08075491338968277,-14.455328941345215,0.021195756271481514,0.14335617423057556,-14.455328941345215,0.0376267246901989,0.01882854290306568,0.0023672140669077635,0.03342444449663162,0.004202280193567276,OOD-Near 120 ns
111,1.0468106269836426,1.0231376886367798,0.1033945381641388,-16.075138092041016,0.025192156434059143,0.09877099841833115,-16.075138092041016,0.02406563051044941,0.022303394973278046,0.002888762392103672,0.021306045353412628,0.0027595844585448503,OOD-Near 120 ns
112,1.3361377716064453,1.155914306640625,0.12946653366088867,-16.158727645874023,0.02712317183613777,0.09689608961343765,-16.158727645874023,0.020299682393670082,0.02401413582265377,0.0031090357806533575,0.017972799018025398,0.002326882677152753,OOD-Near 120 ns
113,0.5789523720741272,0.7608891725540161,0.095948226749897,-13.826675415039062,0.02048059180378914,0.16572734713554382,-13.826675415039062,0.035375263541936874,0.018214143812656403,0.002266447525471449,0.03146052360534668,0.00391473900526762,OOD-Near 120 ns
114,0.6397383213043213,0.7998364567756653,0.07453303039073944,-15.357038497924805,0.021280888468027115,0.11650548130273819,-15.357038497924805,0.03326498717069626,0.01891184225678444,0.0023690457455813885,0.029561839997768402,0.003703148104250431,OOD-Near 120 ns
115,0.9254270195960999,0.9619911909103394,0.09700136631727219,-15.816203117370605,0.02330186404287815,0.1048179492354393,-15.816203117370605,0.025179579854011536,0.02068115957081318,0.0026207040064036846,0.022347694262862206,0.002831886289641261,OOD-Near 120 ns
116,0.7566151022911072,0.8698362708091736,0.07895522564649582,-15.835609436035156,0.022536147385835648,0.10435321927070618,-15.835609436035156,0.029785485938191414,0.020003708079457283,0.002532440237700939,0.02643842063844204,0.0033470652997493744,OOD-Near 120 ns
117,1.1268954277038574,1.0615533590316772,0.1147632896900177,-15.941774368286133,0.023535817861557007,0.10184022784233093,-15.941774368286133,0.020885538309812546,0.020916840061545372,0.002618978498503566,0.01856147311627865,0.0023240651935338974,OOD-Near 120 ns
118,1.0191195011138916,1.0095144510269165,0.10332553833723068,-15.961247444152832,0.023523123934864998,0.10138707607984543,-15.961246490478516,0.023081811144948006,0.020846644416451454,0.0026764795184135437,0.02045554481446743,0.002626266563311219,OOD-Near 120 ns
119,0.41204237937927246,0.6419052481651306,0.07714280486106873,-13.297586441040039,0.0204499252140522,0.18722057342529297,-13.297586441040039,0.04963063448667526,0.018207231536507607,0.0022426932118833065,0.0441877655684948,0.005442870315164328,OOD-Near 120 ns
120,1.1396325826644897,1.0675357580184937,0.12751609086990356,-15.532723426818848,0.02515827678143978,0.11189229041337967,-15.532723426818848,0.022075779736042023,0.022285381332039833,0.002872895449399948,0.019554883241653442,0.0025208962615579367,OOD-Near 120 ns
121,1.0355358123779297,1.0176128149032593,0.12726816534996033,-15.125570297241211,0.024253085255622864,0.12290077656507492,-15.125569343566895,0.023420806974172592,0.021522607654333115,0.0027304766699671745,0.020784029737114906,0.0026367767713963985,OOD-Near 120 ns
122,1.3554713726043701,1.1642471551895142,0.12551015615463257,-16.354137420654297,0.025505511090159416,0.09259520471096039,-16.354137420654297,0.018816709518432617,0.02256440743803978,0.0029411031864583492,0.016646908596158028,0.0021698009222745895,OOD-Near 120 ns
123,0.9180996417999268,0.9581751823425293,0.11609714478254318,-15.00064754486084,0.023654498159885406,0.12645374238491058,-15.000648498535156,0.02576463297009468,0.020963937044143677,0.0026905618142336607,0.02283405512571335,0.0029305771458894014,OOD-Near 120 ns
124,1.1048407554626465,1.0511140823364258,0.08867061883211136,-16.97808074951172,0.0252024307847023,0.08025646209716797,-16.97808074951172,0.0228109173476696,0.022323379293084145,0.0028790507931262255,0.020205065608024597,0.002605851273983717,OOD-Near 120 ns
125,1.1991677284240723,1.0950651168823242,0.12597671151161194,-15.808409690856934,0.026217276230454445,0.10505345463752747,-15.808409690856934,0.02186289243400097,0.023199133574962616,0.0030181421898305416,0.019346028566360474,0.002516864100471139,OOD-Near 120 ns
126,1.1926207542419434,1.092071771621704,0.12365098297595978,-15.86412239074707,0.02533060312271118,0.10368005186319351,-15.86412239074707,0.021239446476101875,0.022450894117355347,0.002879709005355835,0.01882483996450901,0.002414605813100934,OOD-Near 120 ns
127,0.620887041091919,0.7879638671875,0.10602834820747375,-13.698017120361328,0.02195398323237896,0.1707691252231598,-13.698017120361328,0.035359062254428864,0.019539130851626396,0.002414851915091276,0.03146970272064209,0.003889357903972268,OOD-Near 120 ns
128,1.2147613763809204,1.1021621227264404,0.11970106512308121,-16.087055206298828,0.02383251115679741,0.09853875637054443,-16.087055206298828,0.019619088619947433,0.021161574870347977,0.0026709367521107197,0.01742035523056984,0.0021987336222082376,OOD-Near 120 ns
129,1.0510659217834473,1.0252150297164917,0.10898713767528534,-15.862826347351074,0.02314937300980091,0.10369201004505157,-15.862826347351074,0.022024663165211678,0.020577287301421165,0.002572085941210389,0.019577542319893837,0.0024471215438097715,OOD-Near 120 ns
130,0.9780920147895813,0.9889853596687317,0.1353510320186615,-14.60958480834961,0.024326257407665253,0.1383827179670334,-14.60958480834961,0.024871133267879486,0.021556055173277855,0.002770202001556754,0.022038882598280907,0.002832250902429223,OOD-Near 120 ns
131,1.4003491401672363,1.183363437652588,0.14182394742965698,-15.96391773223877,0.026877395808696747,0.10127755999565125,-15.96391773223877,0.01919335313141346,0.023824525997042656,0.003052870277315378,0.017013275995850563,0.0021800778340548277,OOD-Near 120 ns
132,1.002081036567688,1.001039981842041,0.09567733108997345,-16.222301483154297,0.023465652018785477,0.09547863155603409,-16.222301483154297,0.023416919633746147,0.020812956616282463,0.0026526949368417263,0.02076973393559456,0.002647185930982232,OOD-Near 120 ns
133,0.9394037127494812,0.9692283868789673,0.11531829833984375,-15.12971019744873,0.02304862067103386,0.12275692075490952,-15.12971019744873,0.024535372853279114,0.02043885737657547,0.002609763527289033,0.02175726741552353,0.0027781063690781593,OOD-Near 120 ns
134,1.0184876918792725,1.0092015266418457,0.10876920819282532,-15.734964370727539,0.023540133610367775,0.1067948192358017,-15.734966278076172,0.02311282977461815,0.02088288404047489,0.0026572495698928833,0.02050381526350975,0.0026090149767696857,OOD-Near 120 ns
135,0.9642858505249023,0.981980562210083,0.14157931506633759,-14.353795051574707,0.024658918380737305,0.1468229740858078,-14.353795051574707,0.025572210550308228,0.021840421482920647,0.0028184978291392326,0.02264932356774807,0.002922886284068227,OOD-Near 120 ns
136,0.8598318099975586,0.9272711873054504,0.09807515144348145,-15.45144271850586,0.023760072886943817,0.11406318098306656,-15.45144271850586,0.027633395045995712,0.021060027182102203,0.0027000459376722574,0.02449319325387478,0.0031402024906128645,OOD-Near 120 ns
137,1.7653194665908813,1.3286532163619995,0.1700620949268341,-16.183469772338867,0.029261618852615356,0.0963350310921669,-16.183469772338867,0.016575820744037628,0.025795551016926765,0.0034660683013498783,0.014612398110330105,0.0019634226337075233,OOD-Near 120 ns
138,0.6345590949058533,0.7965921759605408,0.09430280327796936,-14.301345825195312,0.022575467824935913,0.14861154556274414,-14.30134391784668,0.03557662293314934,0.020021606236696243,0.0025538625195622444,0.03155199810862541,0.004024625290185213,OOD-Near 120 ns
139,0.8665164709091187,0.9308686852455139,0.1023462638258934,-15.296573638916016,0.024108974263072014,0.11811229586601257,-15.296573638916016,0.027822870761156082,0.021352378651499748,0.0027565956115722656,0.024641631171107292,0.0031812386587262154,OOD-Near 120 ns
140,0.8258715867996216,0.9087747931480408,0.09629389643669128,-15.355844497680664,0.023342782631516457,0.11659669131040573,-15.355844497680664,0.028264421969652176,0.020700590685009956,0.002642192644998431,0.025065144523978233,0.00319927791133523,OOD-Near 120 ns
141,0.5587668418884277,0.7475070953369141,0.08970228582620621,-13.963932037353516,0.020471906289458275,0.16053614020347595,-13.963932037353516,0.03663765266537666,0.01823214255273342,0.002239764202386141,0.03262924775481224,0.004008405841886997,OOD-Near 120 ns
142,0.8924968838691711,0.9447205066680908,0.11988132447004318,-14.740877151489258,0.023536818102002144,0.13432130217552185,-14.740877151489258,0.026371875777840614,0.020855607464909554,0.002681210171431303,0.023367708548903465,0.0030041674617677927,OOD-Near 120 ns
143,0.8423947095870972,0.9178206324577332,0.08479326218366623,-15.992372512817383,0.022583812475204468,0.1006573960185051,-15.992372512817383,0.02680906094610691,0.020044568926095963,0.0025392426177859306,0.02379474602639675,0.003014314454048872,OOD-Near 120 ns
144,1.3348333835601807,1.155349850654602,0.1332034021615982,-16.029970169067383,0.025126177817583084,0.0997902899980545,-16.029970169067383,0.01882345601916313,0.02227221243083477,0.002853964688256383,0.01668538711965084,0.00213806820102036,OOD-Near 120 ns
145,0.916282057762146,0.9572262167930603,0.10151385515928268,-15.57553768157959,0.022790398448705673,0.11078887432813644,-15.57553768157959,0.024872688576579094,0.020270995795726776,0.0025194017216563225,0.022123096510767937,0.0027495918329805136,OOD-Near 120 ns
146,0.9779866933822632,0.9889320731163025,0.10737907141447067,-15.612770080566406,0.022664368152618408,0.10979604721069336,-15.612770080566406,0.02317451499402523,0.02014291286468506,0.002521455753594637,0.020596304908394814,0.002578210784122348,OOD-Near 120 ns
147,1.3672420978546143,1.1692912578582764,0.1513051986694336,-15.580276489257812,0.025282908231019974,0.11066453903913498,-15.580276489257812,0.018491901457309723,0.022448396310210228,0.0028345114551484585,0.016418742015957832,0.002073159907013178,OOD-Near 120 ns
148,0.8122199773788452,0.9012324810028076,0.09925150126218796,-15.147977828979492,0.02223712019622326,0.12219779938459396,-15.147977828979492,0.027378197759389877,0.019741209223866463,0.00249591120518744,0.024305248633027077,0.0030729498248547316,OOD-Near 120 ns
149,0.5869007110595703,0.766094446182251,0.08247853070497513,-14.542664527893066,0.02118925377726555,0.14053232967853546,-14.542665481567383,0.03610364347696304,0.018847892060875893,0.0023413619492202997,0.03211427852511406,0.003989366348832846,OOD-Near 120 ns
150,1.056236982345581,1.0277339220046997,0.10891936719417572,-15.887541770935059,0.023550547659397125,0.10312019288539886,-15.887541770935059,0.02229665033519268,0.02089090831577778,0.0026596386451274157,0.019778618589043617,0.0025180322118103504,OOD-Near 120 ns
151,0.5738703012466431,0.7575422525405884,0.11282961815595627,-13.087090492248535,0.021053340286016464,0.19661171734333038,-13.087090492248535,0.03668658435344696,0.01873052306473255,0.0023228174541145563,0.032638948410749435,0.00404763501137495,OOD-Near 120 ns
152,1.1096335649490356,1.053391456604004,0.11353622376918793,-15.921369552612305,0.024411698803305626,0.1023186668753624,-15.921368598937988,0.0219997838139534,0.021628769114613533,0.0027829299215227365,0.019491812214255333,0.002507972065359354,OOD-Near 120 ns
153,1.505807876586914,1.2271136045455933,0.13180634379386902,-16.601375579833984,0.027607323601841927,0.08753197640180588,-16.601375579833984,0.01833389513194561,0.02443382516503334,0.0031734982039779425,0.01622639037668705,0.002107505453750491,OOD-Near 120 ns
154,1.3835028409957886,1.1762239933013916,0.14725644886493683,-15.750765800476074,0.025996597483754158,0.10643739998340607,-15.750765800476074,0.018790418282151222,0.023014379665255547,0.0029822171200066805,0.01663486286997795,0.002155555412173271,OOD-Near 120 ns
155,1.4868919849395752,1.2193818092346191,0.16766487061977386,-15.499549865722656,0.027399113401770592,0.1127619594335556,-15.499551773071289,0.018427103757858276,0.02422604151070118,0.0031730716582387686,0.016293074935674667,0.0021340297535061836,OOD-Near 120 ns
156,0.901875376701355,0.94967120885849,0.11333601176738739,-15.029212951660156,0.022919416427612305,0.1256670355796814,-15.029212951660156,0.025413062423467636,0.020386844873428345,0.0025325710885226727,0.022604946047067642,0.002808116376399994,OOD-Near 120 ns
157,1.2089688777923584,1.0995311737060547,0.10391338914632797,-16.676671981811523,0.025096219033002853,0.08595208823680878,-16.67667007446289,0.020758366212248802,0.022247813642024994,0.002848404459655285,0.018402304500341415,0.002356061013415456,OOD-Near 120 ns
158,1.4577956199645996,1.2073920965194702,0.1487048715353012,-15.933114051818848,0.026777813211083412,0.10200667381286621,-15.933114051818848,0.01836870238184929,0.023712128400802612,0.0030656850431114435,0.016265742480754852,0.0021029594354331493,OOD-Near 120 ns
159,0.6430012583732605,0.8018735647201538,0.08021416515111923,-15.063375473022461,0.021012112498283386,0.12474964559078217,-15.063373565673828,0.032678183168172836,0.018687618896365166,0.002324494067579508,0.029063114896416664,0.003615069203078747,OOD-Near 120 ns
160,0.7284561395645142,0.8534964323043823,0.10073518753051758,-14.614465713500977,0.022224238142371178,0.13828586041927338,-14.614465713500977,0.030508683994412422,0.019744396209716797,0.0024798414669930935,0.027104441076517105,0.0034042426850646734,OOD-Near 120 ns
161,0.8399026393890381,0.9164620041847229,0.0933946892619133,-15.558625221252441,0.022302450612187386,0.11119704693555832,-15.558625221252441,0.026553615927696228,0.01983940601348877,0.002463045297190547,0.023621078580617905,0.0029325366485863924,OOD-Near 120 ns
162,0.4867051839828491,0.6976425647735596,0.07636107504367828,-14.063222885131836,0.020686106756329536,0.15689392387866974,-14.063222885131836,0.04250233620405197,0.018410446122288704,0.0022756613325327635,0.03782669082283974,0.004675646312534809,OOD-Near 120 ns
163,0.747238039970398,0.8644292950630188,0.08297768980264664,-15.566520690917969,0.022317752242088318,0.11104585975408554,-15.566520690917969,0.02986699342727661,0.01983175426721573,0.0024859984405338764,0.026540076360106468,0.003326916368678212,OOD-Near 120 ns
164,0.4654175043106079,0.68221515417099,0.07816369831562042,-13.766733169555664,0.021024197340011597,0.16794319450855255,-13.766733169555664,0.04517276957631111,0.01869766227900982,0.0023265352938324213,0.040173955261707306,0.004998813383281231,OOD-Near 120 ns
165,0.8361563682556152,0.9144158363342285,0.11189315468072891,-14.755778312683105,0.022282583639025688,0.13381846249103546,-14.755778312683105,0.02664882317185402,0.019790340214967728,0.002492242958396673,0.023668229579925537,0.002980594290420413,OOD-Near 120 ns
166,1.3932403326034546,1.1803560256958008,0.12346576899290085,-16.544940948486328,0.02590852975845337,0.088617704808712,-16.544940948486328,0.018595879897475243,0.02291090041399002,0.0029976293444633484,0.01644432730972767,0.0021515521220862865,OOD-Near 120 ns
167,1.2305448055267334,1.1092991828918457,0.14123430848121643,-15.423736572265625,0.0250347089022398,0.11477380245923996,-15.423737525939941,0.020344410091638565,0.022221887484192848,0.0028128207195550203,0.018058575689792633,0.002285833703354001,OOD-Near 120 ns
168,1.06966233253479,1.0342447757720947,0.13348302245140076,-15.060357093811035,0.024144798517227173,0.12478988617658615,-15.060356140136719,0.0225723534822464,0.021412808448076248,0.00273198913782835,0.020018287003040314,0.0025540669448673725,OOD-Near 120 ns
169,1.354457139968872,1.163811445236206,0.12270043045282364,-16.45056915283203,0.025464048609137535,0.09059011936187744,-16.45056915283203,0.01880018785595894,0.022595174610614777,0.002868873765692115,0.016682088375091553,0.0021180985495448112,OOD-Near 120 ns
170,0.76059889793396,0.8721232414245605,0.0819026306271553,-15.699686050415039,0.02228371798992157,0.1076817661523819,-15.699684143066406,0.029297595843672752,0.019791273400187492,0.0024924452882260084,0.02602064423263073,0.0032769509125500917,OOD-Near 120 ns
171,1.029345989227295,1.0145668983459473,0.11220823228359222,-15.644989013671875,0.022770285606384277,0.10900925099849701,-15.644988059997559,0.022121120244264603,0.020223112776875496,0.0025471732951700687,0.01964656449854374,0.0024745550472289324,OOD-Near 120 ns
172,0.9035921096801758,0.9505746364593506,0.10773909091949463,-15.257325172424316,0.022181227803230286,0.11923420429229736,-15.257325172424316,0.02454783208668232,0.01971556805074215,0.0024656588211655617,0.02181910164654255,0.002728729974478483,OOD-Near 120 ns
173,0.7839316129684448,0.8853991031646729,0.11080219596624374,-14.519940376281738,0.023013437166810036,0.1413416713476181,-14.519941329956055,0.02935643494129181,0.020415818318724632,0.00259761861525476,0.02604285627603531,0.003313578199595213,OOD-Near 120 ns
174,0.9733107089996338,0.986565113067627,0.11434681713581085,-15.320327758789062,0.024780167266726494,0.11748232692480087,-15.320328712463379,0.025459669530391693,0.021978816017508507,0.0028013514820486307,0.022581500932574272,0.0028781676664948463,OOD-Near 120 ns
175,1.0883793830871582,1.0432542562484741,0.11232400685548782,-15.884140014648438,0.024125412106513977,0.10320298373699188,-15.884140014648438,0.022166363894939423,0.021408284083008766,0.0027171275578439236,0.019669873639941216,0.0024964893236756325,OOD-Near 120 ns
176,0.7447502613067627,0.8629891276359558,0.10103749483823776,-14.698579788208008,0.021027697250247,0.13566628098487854,-14.698579788208008,0.028234560042619705,0.018695751205086708,0.00233194581232965,0.025103382766246796,0.003131178207695484,OOD-Near 120 ns
177,0.8403980731964111,0.9167322516441345,0.09329889714717865,-15.566587448120117,0.02218594402074814,0.11101751774549484,-15.5665864944458,0.02639932744204998,0.019709860906004906,0.0024760826490819454,0.023453006520867348,0.002946321154013276,OOD-Near 120 ns
178,1.1713697910308838,1.0822983980178833,0.11798210442066193,-15.989693641662598,0.024753905832767487,0.10072147101163864,-15.989694595336914,0.021132443100214005,0.021915670484304428,0.002838235581293702,0.018709437921643257,0.0024230056442320347,OOD-Near 120 ns
179,0.803119421005249,0.8961693048477173,0.08875991404056549,-15.587363243103027,0.022062648087739944,0.11051894724369049,-15.587364196777344,0.02747119404375553,0.01960432156920433,0.002458327217027545,0.024410219863057137,0.003060973482206464,OOD-Near 120 ns
180,0.9813605546951294,0.9906364679336548,0.1311686933040619,-14.759912490844727,0.023642994463443756,0.13366004824638367,-14.759912490844727,0.02409205585718155,0.02097073383629322,0.0026722599286586046,0.02136904001235962,0.0027230153791606426,OOD-Near 120 ns
181,0.6603009700775146,0.8125890493392944,0.09207317978143692,-14.574331283569336,0.021204987540841103,0.13944122195243835,-14.574332237243652,0.032114122062921524,0.018855661153793335,0.0023493259213864803,0.028556160628795624,0.0035579621326178312,OOD-Near 120 ns
182,1.0161468982696533,1.0080411434173584,0.09930030256509781,-16.12320899963379,0.023193495348095894,0.09772238880395889,-16.12320899963379,0.02282494492828846,0.020571229979395866,0.0026222658343613148,0.02024434693157673,0.0025805972982198,OOD-Near 120 ns
183,1.2730427980422974,1.1282919645309448,0.11160387843847275,-16.5922908782959,0.023711897432804108,0.08766702562570572,-16.5922908782959,0.018626157194375992,0.021072644740343094,0.0026392522267997265,0.01655297353863716,0.002073184121400118,OOD-Near 120 ns
184,0.7472878694534302,0.8644581437110901,0.11894180625677109,-14.000446319580078,0.02209087647497654,0.1591646522283554,-14.000446319580078,0.029561400413513184,0.01962685026228428,0.0024640262126922607,0.02626410871744156,0.0032972919289022684,OOD-Near 120 ns
185,1.1269176006317139,1.0615637302398682,0.10953464359045029,-16.147113800048828,0.024675320833921432,0.09719845652580261,-16.147113800048828,0.021896295249462128,0.021857840940356255,0.002817479195073247,0.019396129995584488,0.002500164322555065,OOD-Near 120 ns
186,0.9434363842010498,0.971306562423706,0.12244217842817307,-14.887214660644531,0.024001609534025192,0.12978318333625793,-14.887214660644531,0.025440622121095657,0.02126627042889595,0.002735338406637311,0.022541286423802376,0.0028993352316319942,OOD-Near 120 ns
187,0.7060891389846802,0.8402910828590393,0.09008195251226425,-14.961681365966797,0.021534983068704605,0.1275787353515625,-14.961681365966797,0.030498957261443138,0.01914370432496071,0.002391277812421322,0.027112305164337158,0.003386651398614049,OOD-Near 120 ns
188,1.135283350944519,1.065496802330017,0.13301558792591095,-15.332818031311035,0.024465397000312805,0.11716508120298386,-15.332818031311035,0.02155003696680069,0.021660935133695602,0.0028044614009559155,0.01907976157963276,0.002470274455845356,OOD-Near 120 ns
189,0.7224484086036682,0.8499696254730225,0.09127616882324219,-15.007342338562012,0.02251429483294487,0.12634283304214478,-15.007342338562012,0.031163878738880157,0.019975682720541954,0.002538611413910985,0.027649978175759315,0.003513899864628911,OOD-Near 120 ns
190,1.550818920135498,1.2453187704086304,0.14111995697021484,-16.42974090576172,0.027995318174362183,0.09099706262350082,-16.42974090576172,0.018051957711577415,0.024785276502370834,0.0032100407406687737,0.01598205789923668,0.0020699005108326674,OOD-Near 120 ns
191,1.2397899627685547,1.113458514213562,0.13170285522937775,-15.758732795715332,0.026307934895157814,0.1062299832701683,-15.758732795715332,0.02121967077255249,0.023281166329979897,0.00302676809951663,0.01877831481397152,0.0024413554929196835,OOD-Near 120 ns
192,0.7527531385421753,0.8676134943962097,0.08002663403749466,-15.753622055053711,0.022482948377728462,0.10631192475557327,-15.753622055053711,0.02986762672662735,0.019988011568784714,0.002494937041774392,0.026553209871053696,0.0033144159242510796,OOD-Near 120 ns
193,0.7268539667129517,0.8525573015213013,0.10832192748785019,-14.288325309753418,0.02200477011501789,0.1490284651517868,-14.288325309753418,0.030273988842964172,0.019554944708943367,0.002449824707582593,0.026903539896011353,0.003370449645444751,OOD-Near 120 ns
194,0.7452694177627563,0.8632898926734924,0.10084842890501022,-14.707366943359375,0.022682884708046913,0.1353180855512619,-14.707366943359375,0.030435819178819656,0.020140700042247772,0.0025421848986297846,0.02702472358942032,0.0034110951237380505,OOD-Near 120 ns
195,1.2976982593536377,1.1391656398773193,0.14283640682697296,-15.60346794128418,0.02482036128640175,0.11006905138492584,-15.60346794128418,0.019126450642943382,0.021987399086356163,0.002832962665706873,0.01694338396191597,0.0021830673795193434,OOD-Near 120 ns
196,0.8855885863304138,0.9410571455955505,0.12673009932041168,-14.46175765991211,0.02305084839463234,0.14310267567634583,-14.46175765991211,0.026028843596577644,0.02045821025967598,0.002592637436464429,0.023101257160305977,0.002927586669102311,OOD-Near 120 ns
197,1.2279767990112305,1.1081411838531494,0.11508990824222565,-16.30158805847168,0.024667585268616676,0.09372318536043167,-16.30158805847168,0.020087990909814835,0.021873189136385918,0.0027943968307226896,0.01781238056719303,0.0022756103426218033,OOD-Near 120 ns
198,0.5810552835464478,0.7622697949409485,0.09307242929935455,-13.973365783691406,0.021034227684140205,0.1601782739162445,-13.973365783691406,0.03620004653930664,0.01870325766503811,0.00233097025193274,0.032188430428504944,0.004011615179479122,OOD-Near 120 ns
199,0.6107237339019775,0.7814881801605225,0.1143302470445633,-13.297090530395508,0.02201850712299347,0.187204509973526,-13.297090530395508,0.0360531359910965,0.019557343795895576,0.0024611628614366055,0.03202322497963905,0.004029911942780018,OOD-Near 120 ns
0,0.854108452796936,0.9241798520088196,4.723893165588379,1.399835228919983,0.027909578755497932,5.530789375305176,1.399835467338562,0.032676856964826584,0.024537986144423485,0.0033715933095663786,0.028729356825351715,0.003947500139474869,OOD-Far 1 ms
1,0.883726954460144,0.9400675296783447,4.879098415374756,1.3909722566604614,0.02907516621053219,5.521048069000244,1.3909727334976196,0.032900620251894,0.025570981204509735,0.0035041847731918097,0.0289353858679533,0.003965234849601984,OOD-Far 1 ms
2,0.8615801334381104,0.9282134175300598,4.919983386993408,1.5289186239242554,0.02591930516064167,5.710418701171875,1.5289182662963867,0.03008345142006874,0.022855130955576897,0.003064174437895417,0.02652699314057827,0.003556458977982402,OOD-Far 1 ms
3,0.9928460121154785,0.9964165687561035,5.830591678619385,1.6148133277893066,0.02933337166905403,5.8726043701171875,1.6148136854171753,0.029544733464717865,0.025837358087301254,0.0034960133489221334,0.02602352946996689,0.0035212039947509766,OOD-Far 1 ms
4,0.672260046005249,0.8199146389961243,4.047908306121826,1.7866069078445435,0.027331877499818802,6.021342754364014,1.7866064310073853,0.04065670445561409,0.02403339557349682,0.0032984816934913397,0.035750146955251694,0.004906556103378534,OOD-Far 1 ms
5,0.9224796891212463,0.9604580402374268,5.043792724609375,1.3383615016937256,0.03192468360066414,5.46764612197876,1.3383612632751465,0.03460746631026268,0.028006907552480698,0.003917777445167303,0.03036046028137207,0.004247006494551897,OOD-Far 1 ms
6,0.9638437032699585,0.9817554354667664,5.19974422454834,1.2849663496017456,0.030139800161123276,5.394799709320068,1.2849658727645874,0.03127042204141617,0.026449501514434814,0.0036902979481965303,0.027441691607236862,0.0038287306670099497,OOD-Far 1 ms
7,1.287431001663208,1.1346501111984253,7.16670036315918,1.4398486614227295,0.04435306414961815,5.5666680335998535,1.4398486614227295,0.03445082902908325,0.03830550238490105,0.006047561764717102,0.029753440991044044,0.004697387106716633,OOD-Far 1 ms
8,0.7202445268630981,0.8486722111701965,4.354750633239746,1.7965095043182373,0.02745366469025612,6.046210765838623,1.796509027481079,0.038117144256830215,0.024197319522500038,0.0032563447020947933,0.0335959792137146,0.004521165508776903,OOD-Far 1 ms
9,1.0197219848632812,1.009812831878662,6.231330394744873,1.8852386474609375,0.038600854575634,6.110812664031982,1.8852386474609375,0.03785429149866104,0.03364304080605507,0.004957813303917646,0.03299236670136452,0.004861926659941673,OOD-Far 1 ms
10,0.9397398829460144,0.9694018363952637,5.347666263580322,1.5170973539352417,0.027979211881756783,5.690581321716309,1.5170973539352417,0.02977335825562477,0.024652278050780296,0.003326934529468417,0.026233086362481117,0.00354027166031301,OOD-Far 1 ms
11,0.9392355680465698,0.9691416621208191,5.639948844909668,1.750685691833496,0.029497593641281128,6.004829406738281,1.7506862878799438,0.03140595927834511,0.025929300114512444,0.003568293061107397,0.027606813237071037,0.0037991460412740707,OOD-Far 1 ms
12,1.1442158222198486,1.0696802139282227,6.555109977722168,1.5484648942947388,0.03672165796160698,5.72891092300415,1.5484644174575806,0.03209329769015312,0.032029394060373306,0.00469226436689496,0.02799244038760662,0.004100855905562639,OOD-Far 1 ms
13,1.1013894081115723,1.0494710206985474,6.228400707244873,1.554548978805542,0.04092787206172943,5.655039310455322,1.554548978805542,0.03716021776199341,0.03551577776670456,0.005412092432379723,0.032246340066194534,0.004913877230137587,OOD-Far 1 ms
14,1.31880521774292,1.1483924388885498,7.5444817543029785,1.5626417398452759,0.04189370572566986,5.720694065093994,1.5626411437988281,0.03176640719175339,0.03637562692165375,0.005518077872693539,0.027582257986068726,0.004184149205684662,OOD-Far 1 ms
15,1.2652137279510498,1.1248172521591187,6.99330472946167,1.387229561805725,0.03655305504798889,5.527369976043701,1.3872292041778564,0.028890814632177353,0.03185337409377098,0.004699681419879198,0.0251762792468071,0.003714535618200898,OOD-Far 1 ms
16,1.0505598783493042,1.0249682664871216,6.589301586151123,1.929548740386963,0.030568724498152733,6.272180557250977,1.929548740386963,0.029097557067871094,0.026899995282292366,0.0036687299143522978,0.02560538984835148,0.003492166521027684,OOD-Far 1 ms
17,0.8456156253814697,0.9195736050605774,4.678224086761475,1.376325011253357,0.026856297627091408,5.5323286056518555,1.3763246536254883,0.031759463250637054,0.023717066273093224,0.0031392318196594715,0.028047099709510803,0.0037123626098036766,OOD-Far 1 ms
18,0.9194530248641968,0.958881139755249,5.554569721221924,1.7739545106887817,0.027869736775755882,6.041167736053467,1.7739547491073608,0.030311211943626404,0.02458629198372364,0.003283444093540311,0.02674012817442417,0.003571084002032876,OOD-Far 1 ms
19,0.9421910643577576,0.9706652760505676,5.401139259338379,1.5579341650009155,0.03065638057887554,5.732530117034912,1.5579336881637573,0.03253732994198799,0.02691752463579178,0.003738856641575694,0.028569072484970093,0.0039682574570178986,OOD-Far 1 ms
20,1.1424535512924194,1.0688562393188477,6.366201877593994,1.4189828634262085,0.03427325561642647,5.572393894195557,1.4189826250076294,0.029999693855643272,0.029975920915603638,0.0042973351664841175,0.026238197460770607,0.003761496627703309,OOD-Far 1 ms
21,1.198791742324829,1.094893455505371,7.3047404289245605,1.8323755264282227,0.039569467306137085,6.093419551849365,1.8323755264282227,0.03300779312849045,0.034546565264463425,0.005022903438657522,0.02881782129406929,0.004189971834421158,OOD-Far 1 ms
22,0.9142797589302063,0.9561797976493835,5.168532848358154,1.4829974174499512,0.028709059581160545,5.653119087219238,1.482997179031372,0.031400736421346664,0.025227343663573265,0.0034817152190953493,0.02759258635342121,0.003808150766417384,OOD-Far 1 ms
23,1.1070537567138672,1.052166223526001,6.3011698722839355,1.5414916276931763,0.03744509816169739,5.691836357116699,1.5414907932281494,0.03382410109043121,0.03258923813700676,0.004855858162045479,0.02943781018257141,0.00438628951087594,OOD-Far 1 ms
24,1.3019740581512451,1.1410408020019531,7.85671854019165,1.778200387954712,0.035697177052497864,6.034465312957764,1.7781999111175537,0.027417732402682304,0.031147198751568794,0.004549978766590357,0.023923056200146675,0.0034946769010275602,OOD-Far 1 ms
25,1.2953100204467773,1.1381168365478516,7.464471340179443,1.5770775079727173,0.039003562182188034,5.762691020965576,1.5770775079727173,0.030111370608210564,0.03380656987428665,0.005196991376578808,0.02609921060502529,0.0040121604688465595,OOD-Far 1 ms
26,1.357460618019104,1.165101170539856,7.664658069610596,1.4948713779449463,0.037351518869400024,5.646320819854736,1.4948713779449463,0.027515728026628494,0.03256805241107941,0.004783465526998043,0.023991893976926804,0.003523833816871047,OOD-Far 1 ms
27,1.0469510555267334,1.0232062339782715,5.944762706756592,1.483182668685913,0.03161044418811798,5.67816686630249,1.4831829071044922,0.03019285760819912,0.027705946937203407,0.0039044967852532864,0.02646346017718315,0.003729397663846612,OOD-Far 1 ms
28,1.0486195087432861,1.0240212678909302,5.637260913848877,1.2531554698944092,0.03190157935023308,5.375886917114258,1.2531554698944092,0.030422452837228775,0.02794618159532547,0.003955396357923746,0.026650449261069298,0.0037720033433288336,OOD-Far 1 ms
29,0.953231930732727,0.9763359427452087,5.609962463378906,1.7149962186813354,0.034559283405542374,5.885201930999756,1.7149958610534668,0.03625485301017761,0.030077381059527397,0.004481901414692402,0.031553056091070175,0.004701795522123575,OOD-Far 1 ms
30,1.036813735961914,1.0182404518127441,5.8218255043029785,1.4977660179138184,0.03800713270902634,5.615112781524658,1.4977656602859497,0.036657627671957016,0.03292792662978172,0.005079205613583326,0.03175876662135124,0.004898860119283199,OOD-Far 1 ms
31,0.8192204236984253,0.9051079750061035,5.052011966705322,1.859462857246399,0.02564334310591221,6.166852951049805,1.859462857246399,0.03130212798714638,0.022728916257619858,0.00291442614980042,0.027744567021727562,0.0035575604997575283,OOD-Far 1 ms
32,1.2384065389633179,1.1128371953964233,7.254477024078369,1.6526459455490112,0.03838653117418289,5.857911586761475,1.6526455879211426,0.030996713787317276,0.03336961194872856,0.005016919691115618,0.026945604011416435,0.004051108844578266,OOD-Far 1 ms
33,1.318739891052246,1.1483639478683472,7.734598159790039,1.6483186483383179,0.03792553395032883,5.865143775939941,1.6483181715011597,0.02875892072916031,0.03283700719475746,0.005088528152555227,0.024900291115045547,0.003858629148453474,OOD-Far 1 ms
34,0.8764864802360535,0.9362085461616516,5.026278018951416,1.5519386529922485,0.030149634927511215,5.7345757484436035,1.5519386529922485,0.034398291260004044,0.026440922170877457,0.003708713687956333,0.030166948214173317,0.004231341648846865,OOD-Far 1 ms
35,0.9097287654876709,0.9537970423698425,5.202402591705322,1.556056022644043,0.02956046164035797,5.718629837036133,1.5560555458068848,0.0324937105178833,0.025960760191082954,0.0035997023805975914,0.028536813333630562,0.003956896252930164,OOD-Far 1 ms
36,0.8702819347381592,0.9328890442848206,5.1671671867370605,1.718955159187317,0.02907101996243,5.937348365783691,1.718955159187317,0.033404141664505005,0.02552870474755764,0.0035423156805336475,0.02933383360505104,0.004070308059453964,OOD-Far 1 ms
37,0.9967737197875977,0.9983855485916138,5.927380561828613,1.727747917175293,0.0331462100148201,5.946565628051758,1.727747917175293,0.033253494650125504,0.02898026444017887,0.004165946040302515,0.029074065387248993,0.004179430194199085,OOD-Far 1 ms
38,1.2856268882751465,1.133854866027832,7.051724910736084,1.3774707317352295,0.04238008335232735,5.485047817230225,1.3774704933166504,0.03296452760696411,0.03680342808365822,0.005576656199991703,0.028626834973692894,0.004337694030255079,OOD-Far 1 ms
39,1.0080660581588745,1.0040249824523926,5.706530570983887,1.5133662223815918,0.03218315169215202,5.6608686447143555,1.5133657455444336,0.031925637274980545,0.028183531016111374,0.0039996192790567875,0.027958020567893982,0.003967616241425276,OOD-Far 1 ms
40,0.7267882823944092,0.8525187969207764,4.502286911010742,1.9031344652175903,0.02757398970425129,6.194770336151123,1.9031343460083008,0.03793950751423836,0.024355661123991013,0.0032183281145989895,0.03351135551929474,0.004428150597959757,OOD-Far 1 ms
41,1.0137892961502075,1.006870985031128,5.428708076477051,1.2675107717514038,0.032707829028367996,5.354868412017822,1.2675107717514038,0.03226294741034508,0.02860090136528015,0.004106929060071707,0.02821187861263752,0.004051067866384983,OOD-Far 1 ms
42,0.8804429769515991,0.938319206237793,5.0264434814453125,1.534040093421936,0.03120122104883194,5.708994388580322,1.534040927886963,0.03543809428811073,0.02734926901757717,0.0038519510999321938,0.031063077971339226,0.004375014919787645,OOD-Far 1 ms
43,0.9924807548522949,0.9962332844734192,5.642627239227295,1.5111560821533203,0.03288373723626137,5.68537712097168,1.511156439781189,0.033132873475551605,0.028758469969034195,0.0041252681985497475,0.028976351022720337,0.004156521987169981,OOD-Far 1 ms
44,1.162091851234436,1.0780036449432373,6.656790256500244,1.6036878824234009,0.03995682671666145,5.7282819747924805,1.6036874055862427,0.034383535385131836,0.03488911688327789,0.0050677089020609856,0.03002268448472023,0.0043608504347503185,OOD-Far 1 ms
45,0.918746829032898,0.9585128426551819,4.919949054718018,1.2440881729125977,0.02987733483314514,5.355064392089844,1.2440881729125977,0.032519660890102386,0.02625907212495804,0.003618262242525816,0.028581401333212852,0.003938258159905672,OOD-Far 1 ms
46,0.9678894877433777,0.9838137626647949,5.166876792907715,1.2527023553848267,0.0335463285446167,5.338292121887207,1.2527023553848267,0.0346592515707016,0.02929626777768135,0.004250060301274061,0.030268194153904915,0.0043910592794418335,OOD-Far 1 ms
47,0.7482956647872925,0.8650408387184143,4.300910472869873,1.5837138891220093,0.027945924550294876,5.747608661651611,1.5837138891220093,0.03734609857201576,0.024583600461483,0.0033623233903199434,0.032852791249752045,0.00449330871924758,OOD-Far 1 ms
48,0.9309405088424683,0.9648525714874268,5.13831090927124,1.3791512250900269,0.031487975269556046,5.51948356628418,1.3791512250900269,0.033823832869529724,0.027601735666394234,0.0038862398359924555,0.02964930050075054,0.0041745309717953205,OOD-Far 1 ms
49,0.8318631649017334,0.912065327167511,4.607636451721191,1.4186763763427734,0.030795659869909286,5.538935661315918,1.4186763763427734,0.03702010214328766,0.02704644203186035,0.003749217139557004,0.0325130894780159,0.004507011733949184,OOD-Far 1 ms
50,1.0851631164550781,1.0417115688323975,6.054396629333496,1.4445924758911133,0.03549940884113312,5.579251289367676,1.4445924758911133,0.03271343186497688,0.030889330431818962,0.00461007934063673,0.02846514992415905,0.00424828240647912,OOD-Far 1 ms
51,1.2639317512512207,1.1242471933364868,7.536654472351074,1.7116389274597168,0.03930685296654701,5.962865352630615,1.7116385698318481,0.031098872423171997,0.03420526534318924,0.005101586226373911,0.027062589302659035,0.004036283120512962,OOD-Far 1 ms
52,1.434131383895874,1.19755220413208,8.301703453063965,1.618419885635376,0.04470847547054291,5.788663864135742,1.6184203624725342,0.03117460384964943,0.038608964532613754,0.006099511403590441,0.026921497657895088,0.0042531052604317665,OOD-Far 1 ms
53,1.4079084396362305,1.1865531206130981,7.66320276260376,1.3399004936218262,0.044191453605890274,5.442969799041748,1.3398997783660889,0.031388018280267715,0.03828485682606697,0.005906597711145878,0.027192717418074608,0.004195299465209246,OOD-Far 1 ms
54,0.8838426470756531,0.9401290416717529,5.124466896057129,1.6436982154846191,0.03196572884917259,5.797940254211426,1.643697738647461,0.03616676479578018,0.028068697080016136,0.003897033166140318,0.031757570803165436,0.004409193526953459,OOD-Far 1 ms
55,1.1303504705429077,1.06317937374115,6.274937629699707,1.4224375486373901,0.03698990121483803,5.551321029663086,1.4224379062652588,0.032724276185035706,0.03223636746406555,0.004753532819449902,0.028518913313746452,0.004205361939966679,OOD-Far 1 ms
56,0.9711880087852478,0.9854887127876282,5.502935886383057,1.497520089149475,0.03076564520597458,5.6661906242370605,1.4975202083587646,0.03167835995554924,0.02701805718243122,0.003747588489204645,0.027819594368338585,0.003858767217025161,OOD-Far 1 ms
57,1.2428268194198608,1.114821434020996,7.330644607543945,1.703391671180725,0.037354856729507446,5.8983635902404785,1.7033913135528564,0.030056366696953773,0.032697197049856186,0.004657660145312548,0.026308732107281685,0.0037476341240108013,OOD-Far 1 ms
58,0.9529767036437988,0.9762052297592163,5.379319667816162,1.4780962467193604,0.029818890616297722,5.644754886627197,1.4780962467193604,0.031290262937545776,0.026098567992448807,0.0037203223910182714,0.027386365458369255,0.0039038965478539467,OOD-Far 1 ms
59,0.6799432635307312,0.8245867490768433,4.483738422393799,2.2027273178100586,0.024360880255699158,6.594282627105713,2.2027273178100586,0.035827815532684326,0.021589037030935287,0.002771843457594514,0.03175123408436775,0.0040765805169939995,OOD-Far 1 ms
60,0.9106019735336304,0.954254686832428,5.0796942710876465,1.4721226692199707,0.032913029193878174,5.578391075134277,1.4721226692199707,0.036144256591796875,0.028761593624949455,0.004151436500251293,0.03158525377511978,0.004559002351015806,OOD-Far 1 ms
61,1.0407212972640991,1.0201574563980103,6.191644191741943,1.7383044958114624,0.037759192287921906,5.949378490447998,1.7383044958114624,0.036281753331422806,0.03284711390733719,0.0049120779149234295,0.031561873853206635,0.004719878546893597,OOD-Far 1 ms
62,1.2141865491867065,1.1019012928009033,6.769601821899414,1.450417160987854,0.041348621249198914,5.575422286987305,1.450416922569275,0.03405458480119705,0.03584691509604454,0.0055017052218317986,0.029523400589823723,0.004531186074018478,OOD-Far 1 ms
63,1.195923924446106,1.093583106994629,6.747395038604736,1.4951376914978027,0.037654995918273926,5.641993045806885,1.4951374530792236,0.031486112624406815,0.0327424556016922,0.004912538453936577,0.027378376573324203,0.0041077351197600365,OOD-Far 1 ms
64,0.5883432626724243,0.7670353651046753,3.3727564811706543,1.5532070398330688,0.024463802576065063,5.732633590698242,1.553206443786621,0.04158083349466324,0.021661467850208282,0.002802334725856781,0.03681773692369461,0.004763094708323479,OOD-Far 1 ms
65,1.1649624109268188,1.0793342590332031,6.744165420532227,1.5997530221939087,0.03443530201911926,5.789170265197754,1.5997530221939087,0.02955915406346321,0.030117923393845558,0.004317379090934992,0.025853129103779793,0.0037060242611914873,OOD-Far 1 ms
66,0.8045569658279419,0.8969709873199463,4.774972438812256,1.7016327381134033,0.027727078646421432,5.934909343719482,1.7016327381134033,0.034462541341781616,0.024451779201626778,0.003275298746302724,0.03039160743355751,0.004070934373885393,OOD-Far 1 ms
67,0.8010222911834717,0.8949984908103943,4.542046070098877,1.5500415563583374,0.028544491156935692,5.670310974121094,1.5500411987304688,0.035635076463222504,0.02512860670685768,0.003415884682908654,0.03137066960334778,0.004264406394213438,OOD-Far 1 ms
68,0.8198415637016296,0.9054509997367859,4.6321024894714355,1.4878642559051514,0.028517844155430794,5.649996757507324,1.4878640174865723,0.03478458151221275,0.0250861756503582,0.0034316692035645247,0.03059880994260311,0.004185771103948355,OOD-Far 1 ms
69,1.0399270057678223,1.0197681188583374,5.4221062660217285,1.1062036752700806,0.03011355549097061,5.213930130004883,1.1062040328979492,0.028957372531294823,0.02647818997502327,0.0036353652831166983,0.025461584329605103,0.003495788900181651,OOD-Far 1 ms
70,1.0260725021362305,1.0129523277282715,5.875175952911377,1.552333116531372,0.034512072801589966,5.725888252258301,1.552333116531372,0.03363512083888054,0.03012973442673683,0.0043823374435305595,0.02936413697898388,0.004270982462912798,OOD-Far 1 ms
71,1.1061713695526123,1.0517468452453613,6.266702651977539,1.4808778762817383,0.03139200434088707,5.665217876434326,1.4808775186538696,0.02837897092103958,0.027474766597151756,0.003917239140719175,0.024837711825966835,0.0035412588622421026,OOD-Far 1 ms
72,1.084371566772461,1.0413316488265991,6.244720458984375,1.5571932792663574,0.03253933787345886,5.758837699890137,1.5571932792663574,0.030007554218173027,0.028513571247458458,0.004025767091661692,0.026295019313693047,0.003712534671649337,OOD-Far 1 ms
73,1.0260807275772095,1.0129563808441162,5.582259178161621,1.3155972957611084,0.031459957361221313,5.440370559692383,1.3155972957611084,0.030660312622785568,0.02759557031095028,0.003864385187625885,0.02689415216445923,0.003766160923987627,OOD-Far 1 ms
74,1.1502556800842285,1.0724997520446777,6.5828857421875,1.5516326427459717,0.03695927560329437,5.722975730895996,1.5516326427459717,0.03213135898113251,0.03224041312932968,0.004718863870948553,0.028028910979628563,0.004102448001503944,OOD-Far 1 ms
75,0.9696696996688843,0.9847180843353271,5.23725700378418,1.258378505706787,0.029897566884756088,5.4010725021362305,1.258378505706787,0.03083273395895958,0.02622395008802414,0.00367361749522388,0.027044208720326424,0.003788524540141225,OOD-Far 1 ms
76,1.7118945121765137,1.3083938360214233,9.880928993225098,1.5986238718032837,0.05743031203746796,5.771925926208496,1.598623514175415,0.03354781121015549,0.04914408177137375,0.008286232128739357,0.02870742417871952,0.0048403870314359665,OOD-Far 1 ms
77,1.064772605895996,1.0318782329559326,6.019978046417236,1.5034246444702148,0.03398079797625542,5.653768062591553,1.5034241676330566,0.03191366419196129,0.02979600429534912,0.004184792283922434,0.027983443811535835,0.003930221777409315,OOD-Far 1 ms
78,1.1430556774139404,1.0691378116607666,6.245022773742676,1.3559855222702026,0.03892909735441208,5.463445663452148,1.3559855222702026,0.03405704349279404,0.03383646905422211,0.005092630162835121,0.029601767659187317,0.004455277230590582,OOD-Far 1 ms
79,0.9134340286254883,0.9557374119758606,5.16124963760376,1.4986008405685425,0.029943199828267097,5.650381088256836,1.4986008405685425,0.03278091177344322,0.026266412809491158,0.0036767872516065836,0.02875567600131035,0.0040252357721328735,OOD-Far 1 ms
80,1.0588552951812744,1.0290069580078125,6.269808769226074,1.7153269052505493,0.03410084545612335,5.921308517456055,1.7153269052505493,0.03220538794994354,0.029796747490763664,0.004304096568375826,0.02814052812755108,0.0040648579597473145,OOD-Far 1 ms
81,1.3109450340270996,1.1449650526046753,7.711446762084961,1.6767083406448364,0.039357345551252365,5.882357120513916,1.6767083406448364,0.030022116377949715,0.03429676964879036,0.005060576368123293,0.026161866262555122,0.0038602505810558796,OOD-Far 1 ms
82,1.1856167316436768,1.088860273361206,7.169750690460205,1.7882503271102905,0.03870125859975815,6.047274589538574,1.7882503271102905,0.03264230117201805,0.03374176844954491,0.004959489218890667,0.028459254652261734,0.00418304605409503,OOD-Far 1 ms
83,0.9628046751022339,0.9812260866165161,5.562043190002441,1.6123110055923462,0.03362368792295456,5.776917457580566,1.6123110055923462,0.03492264822125435,0.029495207592844963,0.004128481727093458,0.030634675174951553,0.004287974443286657,OOD-Far 1 ms
84,0.8472028970718384,0.9204362630844116,4.746184825897217,1.4704276323318481,0.03121570684015751,5.602181911468506,1.4704276323318481,0.0368456095457077,0.027411213144659996,0.003804492997005582,0.03235495835542679,0.004490651655942202,OOD-Far 1 ms
85,1.0199394226074219,1.0099204778671265,6.044044017791748,1.6839656829833984,0.03111172467470169,5.925885200500488,1.6839648485183716,0.03050350397825241,0.0273551307618618,0.003756594378501177,0.02682034857571125,0.003683154471218586,OOD-Far 1 ms
86,0.979877233505249,0.9898874759674072,6.090883255004883,1.920839548110962,0.03219138830900192,6.215965747833252,1.920839548110962,0.03285247087478638,0.028246304020285606,0.003945082891732454,0.02882637083530426,0.004026099108159542,OOD-Far 1 ms
87,0.7877655029296875,0.887561559677124,4.747711181640625,1.7924045324325562,0.028555510565638542,6.0268073081970215,1.7924044132232666,0.036248743534088135,0.025182414799928665,0.0033730962313711643,0.03196689113974571,0.004281853325664997,OOD-Far 1 ms
88,1.079250693321228,1.038869857788086,6.555036544799805,1.8209455013275146,0.03491067886352539,6.073692798614502,1.8209457397460938,0.032347146421670914,0.030452696606516838,0.004457983188331127,0.028216518461704254,0.0041306279599666595,OOD-Far 1 ms
89,0.9051342010498047,0.9513854384422302,5.104318618774414,1.4672374725341797,0.028033064678311348,5.639294624328613,1.4672374725341797,0.030971167609095573,0.02469152957201004,0.0033415346406400204,0.027279412373900414,0.003691755933687091,OOD-Far 1 ms
90,0.8700894713401794,0.9327858686447144,5.336805820465088,1.8844060897827148,0.028785835951566696,6.1336283683776855,1.884406328201294,0.03308376669883728,0.025345778092741966,0.0034400583244860172,0.029130082577466965,0.003953683655709028,OOD-Far 1 ms
91,1.0240650177001953,1.0119609832763672,5.648732662200928,1.3815587759017944,0.03046914003789425,5.515990257263184,1.3815587759017944,0.029753129929304123,0.026804359629750252,0.003664780408143997,0.026174470782279968,0.0035786598455160856,OOD-Far 1 ms
92,0.967894434928894,0.9838162660598755,5.3346686363220215,1.3906288146972656,0.030839363113045692,5.511621952056885,1.3906288146972656,0.03186231851577759,0.02696278505027294,0.003876577829942107,0.027857154607772827,0.00400516577064991,OOD-Far 1 ms
93,0.7856268882751465,0.8863559365272522,4.608421802520752,1.6603283882141113,0.028371576219797134,5.865918159484863,1.6603288650512695,0.03611329570412636,0.024903396144509315,0.0034681803081184626,0.03169875591993332,0.004414538852870464,OOD-Far 1 ms
94,1.0627117156982422,1.0308791399002075,5.913407802581787,1.4281843900680542,0.03366890549659729,5.564451217651367,1.4281843900680542,0.03168207034468651,0.029470855370163918,0.0041980501264333725,0.027731750160455704,0.0039503187872469425,OOD-Far 1 ms
95,1.0603842735290527,1.0297496318817139,5.850350856781006,1.3780940771102905,0.0361119769513607,5.51719856262207,1.3780940771102905,0.03405555710196495,0.031551461666822433,0.004560514353215694,0.029754742980003357,0.004300812724977732,OOD-Far 1 ms
96,1.259230136871338,1.1221542358398438,7.4405059814453125,1.6980828046798706,0.03889703378081322,5.908773899078369,1.6980828046798706,0.030889535322785378,0.03373335674405098,0.005163676105439663,0.026788873597979546,0.004100661259144545,OOD-Far 1 ms
97,0.9637558460235596,0.98171067237854,5.347455978393555,1.421553611755371,0.034481074661016464,5.548558712005615,1.421553611755371,0.03577781096100807,0.030173098668456078,0.004307975526899099,0.031307823956012726,0.004469986539334059,OOD-Far 1 ms
98,0.8987678289413452,0.9480336904525757,5.110205173492432,1.5074114799499512,0.02843780815601349,5.685790061950684,1.5074114799499512,0.03164088353514671,0.024994920939207077,0.0034428872168064117,0.02781020849943161,0.0038306748028844595,OOD-Far 1 ms
99,0.8067607879638672,0.898198664188385,4.771538257598877,1.7121272087097168,0.029298536479473114,5.914439678192139,1.712127685546875,0.03631626069545746,0.0256787221878767,0.003619813360273838,0.031829413026571274,0.004486848600208759,OOD-Far 1 ms
100,1.1484731435775757,1.0716683864593506,6.405961513519287,1.4454054832458496,0.03776594251394272,5.5778069496154785,1.4454050064086914,0.03288361057639122,0.03296922147274017,0.004796719644218683,0.028707003220915794,0.004176605958491564,OOD-Far 1 ms
101,0.870251476764679,0.9328727126121521,4.800146102905273,1.4078842401504517,0.030256403610110283,5.515814781188965,1.4078844785690308,0.034767426550388336,0.02652384527027607,0.0037325590383261442,0.03047836944460869,0.0042890580371022224,OOD-Far 1 ms
102,0.9822584986686707,0.9910895228385925,5.364384651184082,1.3408548831939697,0.03098415955901146,5.461275577545166,1.3408544063568115,0.0315437950193882,0.02723650075495243,0.0037476597353816032,0.027728445827960968,0.003815349657088518,OOD-Far 1 ms
103,1.220039963722229,1.1045541763305664,7.18795108795166,1.637397050857544,0.03310586139559746,5.891570091247559,1.6373969316482544,0.027135062962770462,0.02904031239449978,0.004065549001097679,0.023802755400538445,0.003332308027893305,OOD-Far 1 ms
104,1.3199560642242432,1.1488933563232422,7.299477577209473,1.4284776449203491,0.035629551857709885,5.530091762542725,1.4284776449203491,0.026992982253432274,0.03115113265812397,0.004478418733924627,0.023600127547979355,0.0033928544726222754,OOD-Far 1 ms
105,1.133401870727539,1.0646134614944458,6.521971225738525,1.5792690515518188,0.040129855275154114,5.754332542419434,1.5792690515518188,0.035406555980443954,0.03488020971417427,0.005249646492302418,0.0307747945189476,0.004631760995835066,OOD-Far 1 ms
106,0.8969855308532715,0.9470931887626648,4.727293491363525,1.1682442426681519,0.029258698225021362,5.270200252532959,1.1682438850402832,0.032618917524814606,0.025724371895194054,0.0035343258641660213,0.028678692877292633,0.003940226044505835,OOD-Far 1 ms
107,0.8211046457290649,0.9061482548713684,4.630427837371826,1.4813803434371948,0.0282109584659338,5.639266014099121,1.4813803434371948,0.03435732424259186,0.02477860078215599,0.003432357218116522,0.030177153646945953,0.004180170129984617,OOD-Far 1 ms
108,1.047311544418335,1.0233824253082275,6.303610324859619,1.7846375703811646,0.03438471257686615,6.018848896026611,1.7846375703811646,0.03283140808343887,0.030174393206834793,0.004210321232676506,0.028811287134885788,0.0040201228111982346,OOD-Far 1 ms
109,0.9613524079322815,0.9804857969284058,5.153660297393799,1.2750802040100098,0.034091766923666,5.360844135284424,1.2750802040100098,0.03546229749917984,0.02981499396264553,0.004276771564036608,0.031013594940304756,0.004448703024536371,OOD-Far 1 ms
110,1.1307919025421143,1.0633870363235474,6.020201206207275,1.2227805852890015,0.03386551886796951,5.323880195617676,1.2227802276611328,0.02994849905371666,0.029515136033296585,0.00435038423165679,0.02610129676759243,0.003847201354801655,OOD-Far 1 ms
111,0.8047202825546265,0.8970620036125183,4.4852399826049805,1.468416690826416,0.028832199051976204,5.573663711547852,1.468416452407837,0.035828847438097,0.025371888652443886,0.003460309701040387,0.03152883052825928,0.004300015512853861,OOD-Far 1 ms
112,1.0481607913970947,1.0237972736358643,6.026218891143799,1.563812255859375,0.0337078683078289,5.749325752258301,1.5638113021850586,0.03215906023979187,0.029477233067154884,0.004230634309351444,0.02812281623482704,0.00403624540194869,OOD-Far 1 ms
113,1.0688049793243408,1.0338302850723267,6.41221809387207,1.7627142667770386,0.03087713196873665,5.999427318572998,1.76271390914917,0.028889397159218788,0.027112146839499474,0.0037649848964065313,0.025366785004734993,0.003522611688822508,OOD-Far 1 ms
114,1.0200145244598389,1.0099576711654663,5.803081035614014,1.5583419799804688,0.03243159130215645,5.689214706420898,1.5583422183990479,0.03179522603750229,0.02843279391527176,0.003998797852545977,0.027874890714883804,0.00392033439129591,OOD-Far 1 ms
115,0.8524761199951172,0.923296332359314,4.968806743621826,1.624688982963562,0.027827272191643715,5.828676223754883,1.6246896982192993,0.03264287859201431,0.024499624967575073,0.0033276479225605726,0.02873936854302883,0.0039035086520016193,OOD-Far 1 ms
116,1.0866971015930176,1.0424476861953735,5.608428001403809,1.1309244632720947,0.04021483659744263,5.160985469818115,1.1309248208999634,0.03700648248195648,0.03500659763813019,0.005208238027989864,0.032213758677244186,0.004792722873389721,OOD-Far 1 ms
117,1.382659912109375,1.175865650177002,7.481921195983887,1.3374286890029907,0.04795320704579353,5.411252021789551,1.3374286890029907,0.03468185290694237,0.04130208492279053,0.006651123054325581,0.029871471226215363,0.00481038261204958,OOD-Far 1 ms
118,1.1753090620040894,1.0841166973114014,6.853393077850342,1.6534887552261353,0.04334374517202377,5.831140995025635,1.6534883975982666,0.036878593266010284,0.03761579468846321,0.005727952346205711,0.03200502321124077,0.004873570986092091,OOD-Far 1 ms
119,1.4630191326141357,1.2095532417297363,8.382758140563965,1.5575246810913086,0.045836061239242554,5.729766845703125,1.5575246810913086,0.03132977336645126,0.03964414447546005,0.006191916298121214,0.027097487822175026,0.004232286475598812,OOD-Far 1 ms
120,0.6884005665779114,0.8296990990638733,3.882431983947754,1.483952283859253,0.026413103565573692,5.6397857666015625,1.483952283859253,0.03836879879236221,0.023328101262450218,0.0030850025359541178,0.03388739377260208,0.0044814059510827065,OOD-Far 1 ms
121,0.7539815902709961,0.8683211207389832,4.283647537231445,1.5265882015228271,0.02625785395503044,5.681370258331299,1.5265889167785645,0.03482559323310852,0.02313672937452793,0.0031211250461637974,0.030686067417263985,0.004139524418860674,OOD-Far 1 ms
122,0.988105058670044,0.9940347075462341,5.600886821746826,1.5206894874572754,0.03333713114261627,5.668311595916748,1.5206894874572754,0.03373844549059868,0.029172290116548538,0.0041648391634225845,0.029523469507694244,0.004214975982904434,OOD-Far 1 ms
123,0.8858578205108643,0.9412001967430115,5.0888824462890625,1.563289761543274,0.030133532360196114,5.744582176208496,1.5632902383804321,0.03401621803641319,0.026474932208657265,0.0036586003843694925,0.029886208474636078,0.00413000863045454,OOD-Far 1 ms
124,0.8678557872772217,0.9315877556800842,4.940282821655273,1.5268791913986206,0.028760578483343124,5.692515850067139,1.5268796682357788,0.03313981369137764,0.02529812790453434,0.0034624512773007154,0.02915015257894993,0.003989662043750286,OOD-Far 1 ms
125,1.152327299118042,1.07346510887146,6.595561504364014,1.5508575439453125,0.033005088567733765,5.723687648773193,1.5508577823638916,0.028642114251852036,0.02901555225253105,0.003989537246525288,0.02517995797097683,0.003462156280875206,OOD-Far 1 ms
126,1.3857512474060059,1.1771793365478516,7.5701704025268555,1.358719825744629,0.040158431977033615,5.462864398956299,1.3587193489074707,0.028979536145925522,0.034940753132104874,0.0052176774479448795,0.0252143032848835,0.0037652337923645973,OOD-Far 1 ms
127,1.1935087442398071,1.0924782752990723,6.783417701721191,1.5274503231048584,0.03409882262349129,5.683592796325684,1.5274503231048584,0.028570231050252914,0.029787957668304443,0.004310864023864269,0.024958306923508644,0.003611925058066845,OOD-Far 1 ms
128,1.2399868965148926,1.1135469675064087,6.696542263031006,1.2799444198608398,0.036526452749967575,5.4004950523376465,1.2799444198608398,0.029457129538059235,0.03184910863637924,0.004677345510572195,0.025685036554932594,0.0037720927502959967,OOD-Far 1 ms
129,1.0266668796539307,1.013245701789856,6.12072229385376,1.7342374324798584,0.03235012665390968,5.961741924285889,1.7342376708984375,0.03150985762476921,0.02826193906366825,0.004088187124580145,0.027527857571840286,0.003981999587267637,OOD-Far 1 ms
130,1.144094705581665,1.069623589515686,6.293141841888428,1.3703351020812988,0.034820590168237686,5.500543117523193,1.370335578918457,0.03043505921959877,0.03040304221212864,0.004417548421770334,0.02657388523221016,0.003861173754557967,OOD-Far 1 ms
131,0.7331618070602417,0.856248676776886,4.002891540527344,1.341346025466919,0.026348473504185677,5.459765434265137,1.341346025466919,0.035938143730163574,0.02321004867553711,0.00313842436298728,0.031657472252845764,0.004280671011656523,OOD-Far 1 ms
132,0.8532706499099731,0.923726499080658,5.26911735534668,1.8873400688171387,0.028071977198123932,6.175200462341309,1.8873400688171387,0.03289926424622536,0.024710075929760933,0.003361900569871068,0.0289592482149601,0.003940016496926546,OOD-Far 1 ms
133,0.6710060834884644,0.8191496133804321,4.15527868270874,1.9211502075195312,0.02536427602171898,6.192609786987305,1.9211502075195312,0.03780036419630051,0.022463703528046608,0.0029005715623497963,0.03347764536738396,0.004322720225900412,OOD-Far 1 ms
134,1.0030170679092407,1.0015074014663696,5.651123046875,1.5061484575271606,0.03570866584777832,5.634124755859375,1.5061484575271606,0.03560125455260277,0.031114250421524048,0.00459441589191556,0.03102065809071064,0.004580595996230841,OOD-Far 1 ms
135,0.9141784906387329,0.9561268091201782,4.981282711029053,1.3302229642868042,0.02959965169429779,5.448916912078857,1.3302233219146729,0.0323784165084362,0.026038626208901405,0.00356102641671896,0.028483087196946144,0.0038953295443207026,OOD-Far 1 ms
136,0.8681435585021973,0.9317421913146973,5.421875,1.930463194847107,0.02819308638572693,6.245367527008057,1.9304635524749756,0.03247514367103577,0.024786414578557014,0.003406672505661845,0.02855105511844158,0.003924089018255472,OOD-Far 1 ms
137,1.093956470489502,1.0459237098693848,5.970061302185059,1.3682243824005127,0.04035017639398575,5.457312107086182,1.3682243824005127,0.03688462823629379,0.035074684768915176,0.005275490693747997,0.03206223249435425,0.004822395276278257,OOD-Far 1 ms
138,1.2290682792663574,1.1086335182189941,7.1158528327941895,1.6020692586898804,0.04013853147625923,5.789632320404053,1.602069616317749,0.032657690346241,0.034851476550102234,0.005287055391818285,0.02835601381957531,0.004301677457988262,OOD-Far 1 ms
139,0.7958902716636658,0.8921267986297607,4.831621170043945,1.8015509843826294,0.026596492156386375,6.070713520050049,1.8015509843826294,0.03341728448867798,0.02345052920281887,0.0031459627207368612,0.02946452610194683,0.003952759318053722,OOD-Far 1 ms
140,1.1366767883300781,1.066150426864624,6.74983024597168,1.737166404724121,0.03693923354148865,5.938215255737305,1.7371673583984375,0.03249756991863251,0.0321979895234108,0.004741245880723,0.028326423838734627,0.004171147011220455,OOD-Far 1 ms
141,0.9180601835250854,0.958154559135437,5.476233005523682,1.7117135524749756,0.029411248862743378,5.965003967285156,1.7117135524749756,0.032036297023296356,0.025831298902630806,0.0035799501929432154,0.028136825188994408,0.003899472299963236,OOD-Far 1 ms
142,0.916215181350708,0.9571912884712219,5.302652835845947,1.600447654724121,0.03173314034938812,5.787562847137451,1.6004478931427002,0.034635029733181,0.027841387316584587,0.003891752799972892,0.030387388542294502,0.00424764072522521,OOD-Far 1 ms
143,0.9611032009124756,0.9803587198257446,5.245268821716309,1.320002794265747,0.029926590621471405,5.457550525665283,1.3200035095214844,0.031137749552726746,0.02631109580397606,0.0036154943518340588,0.027375932782888412,0.003761817002668977,OOD-Far 1 ms
144,1.2336618900299072,1.1107033491134644,6.999733924865723,1.5197017192840576,0.035770807415246964,5.673948287963867,1.5197014808654785,0.028995631262660027,0.031163958832621574,0.004606848116964102,0.025261344388127327,0.003734287340193987,OOD-Far 1 ms
145,0.8088501691818237,0.8993609547615051,4.914826393127441,1.7861109972000122,0.02765442244708538,6.076313495635986,1.7861109972000122,0.034189797937870026,0.024357620626688004,0.003296802518889308,0.030113885179162025,0.004075912293046713,OOD-Far 1 ms
146,1.0480138063430786,1.0237255096435547,5.986456394195557,1.5413470268249512,0.033274922519922256,5.712191104888916,1.541346788406372,0.03175046294927597,0.029133351519703865,0.004141572397202253,0.02779863402247429,0.003951829858124256,OOD-Far 1 ms
147,0.7090595960617065,0.8420567512512207,3.997453451156616,1.4866483211517334,0.027363067492842674,5.637684345245361,1.4866483211517334,0.03859064355492592,0.024114340543746948,0.003248726250603795,0.03400890529155731,0.004581739194691181,OOD-Far 1 ms
148,0.6985763311386108,0.8358088135719299,3.9115850925445557,1.468096375465393,0.028084589168429375,5.599366188049316,1.4680967330932617,0.040202606469392776,0.024696171283721924,0.0033884174190461636,0.03535214439034462,0.004850461147725582,OOD-Far 1 ms
149,1.0734164714813232,1.0360581874847412,6.249341011047363,1.6582908630371094,0.035758428275585175,5.821915626525879,1.6582908630371094,0.03331272304058075,0.03128419443964958,0.004474232438951731,0.02914450690150261,0.004168216604739428,OOD-Far 1 ms
150,1.0241055488586426,1.0119810104370117,5.798039436340332,1.4992201328277588,0.0334039181470871,5.661564826965332,1.499220371246338,0.03261765465140343,0.029213227331638336,0.004190692212432623,0.02852560207247734,0.0040920511819422245,OOD-Far 1 ms
151,0.9551832675933838,0.9773347973823547,5.7350544929504395,1.7850539684295654,0.034188564866781235,6.004140377044678,1.7850539684295654,0.035792674869298935,0.029923340305685997,0.004265223629772663,0.03132732957601547,0.00446534575894475,OOD-Far 1 ms
152,1.2259681224822998,1.1072344779968262,7.345119953155518,1.7774591445922852,0.04664342850446701,5.991281032562256,1.7774595022201538,0.03804619982838631,0.040212251245975494,0.0064311763271689415,0.03280040621757507,0.005245794076472521,OOD-Far 1 ms
153,1.028107762336731,1.0139565467834473,6.069481372833252,1.6916677951812744,0.033604685217142105,5.903544902801514,1.6916677951812744,0.032685957849025726,0.029495805501937866,0.004108879249542952,0.028689410537481308,0.003996545448899269,OOD-Far 1 ms
154,0.928459882736206,0.963566243648529,4.990236282348633,1.277462363243103,0.03263381868600845,5.374746799468994,1.2774627208709717,0.03514833375811577,0.02852240763604641,0.004111411049962044,0.03072012960910797,0.004428205545991659,OOD-Far 1 ms
155,0.8058520555496216,0.8976926207542419,4.683248996734619,1.613898754119873,0.027970902621746063,5.811549186706543,1.613898754119873,0.03470972180366516,0.024623721837997437,0.0033471807837486267,0.030556131154298782,0.004153592046350241,OOD-Far 1 ms
156,0.9897242784500122,0.9948488473892212,5.685445308685303,1.6090060472488403,0.03749343380331993,5.744474411010742,1.6090060472488403,0.03788270428776741,0.032710179686546326,0.00478325504809618,0.03304978832602501,0.004832916893064976,OOD-Far 1 ms
157,1.0406378507614136,1.0201165676116943,5.74751615524292,1.4142587184906006,0.034773122519254684,5.5230712890625,1.4142595529556274,0.03341520205140114,0.03030727617442608,0.00446584727615118,0.02912374958395958,0.0042914520017802715,OOD-Far 1 ms
158,0.928899884223938,0.9637945294380188,4.951012134552002,1.2599753141403198,0.032559774816036224,5.3299736976623535,1.2599753141403198,0.03505197539925575,0.028507309034466743,0.004052466247230768,0.03068932332098484,0.0043626511469483376,OOD-Far 1 ms
159,1.1041984558105469,1.0508084297180176,6.253155708312988,1.4929367303848267,0.03284725546836853,5.66307258605957,1.4929367303848267,0.029747599735856056,0.028836583718657494,0.004010670352727175,0.026115398854017258,0.003632200649008155,OOD-Far 1 ms
160,0.9650585651397705,0.9823739528656006,5.658334255218506,1.657045602798462,0.03192538022994995,5.863203048706055,1.6570451259613037,0.033081285655498505,0.02807469293475151,0.003850685665383935,0.029091181233525276,0.00399010581895709,OOD-Far 1 ms
161,0.8574340343475342,0.925977349281311,5.053308963775635,1.6648482084274292,0.028506264090538025,5.893524646759033,1.6648482084274292,0.03324601426720619,0.025015614926815033,0.0034906486980617046,0.02917497232556343,0.004071040544658899,OOD-Far 1 ms
162,0.9992024302482605,0.9996011257171631,5.729855537414551,1.5589556694030762,0.033435456454753876,5.734429359436035,1.5589556694030762,0.03346214443445206,0.02927023358643055,0.004165222868323326,0.029293596744537354,0.004168547689914703,OOD-Far 1 ms
163,1.0143184661865234,1.0071338415145874,5.983322620391846,1.6934888362884521,0.03352741897106171,5.89885950088501,1.6934888362884521,0.033054135739803314,0.029391098767518997,0.004136322066187859,0.028976203873753548,0.004077932331711054,OOD-Far 1 ms
164,0.6940081715583801,0.8330715298652649,4.203339576721191,1.8170262575149536,0.029244810342788696,6.056613445281982,1.817025899887085,0.042139001190662384,0.025666018947958946,0.003578792093321681,0.036982301622629166,0.005156700033694506,OOD-Far 1 ms
165,1.0818912982940674,1.0401400327682495,5.974835395812988,1.3907970190048218,0.03314965218305588,5.522583484649658,1.3907970190048218,0.030640466138720512,0.02897222898900509,0.004177424591034651,0.026779241859912872,0.0038612240459769964,OOD-Far 1 ms
166,0.9301323890686035,0.9644337296485901,4.825170993804932,1.120522141456604,0.03381437063217163,5.18761682510376,1.120522141456604,0.03635436296463013,0.029550693929195404,0.004263678099960089,0.03177041560411453,0.0045839473605155945,OOD-Far 1 ms
167,0.9648034572601318,0.982244074344635,5.014982223510742,1.1244838237762451,0.029384585097432137,5.197930812835693,1.124483346939087,0.030456550419330597,0.02579435519874096,0.0035902305971831083,0.026735346764326096,0.0037212041206657887,OOD-Far 1 ms
168,1.183135986328125,1.087720513343811,6.687954902648926,1.4789639711380005,0.03634922206401825,5.652735233306885,1.4789636135101318,0.03072277642786503,0.03175467625260353,0.004594544414430857,0.02683941461145878,0.003883361117914319,OOD-Far 1 ms
169,1.083031415939331,1.040687918663025,6.175417423248291,1.5442478656768799,0.03575320914387703,5.701974868774414,1.544248342514038,0.033012162894010544,0.031156230717897415,0.004596977028995752,0.02876761555671692,0.00424454640597105,OOD-Far 1 ms
170,1.0786077976226807,1.038560390472412,6.329345703125,1.6493360996246338,0.029390601441264153,5.868070602416992,1.649336338043213,0.027248645201325417,0.0258466936647892,0.0035439073108136654,0.023963013663887978,0.0032856310717761517,OOD-Far 1 ms
171,1.210474967956543,1.1002159118652344,6.40897798538208,1.2183831930160522,0.03978574648499489,5.294597148895264,1.2183831930160522,0.032867878675460815,0.034533072263002396,0.00525267468765378,0.028528530150651932,0.004339349921792746,OOD-Far 1 ms
172,0.9669068455696106,0.9833142161369324,5.935885429382324,1.8884689807891846,0.032111234962940216,6.1390461921691895,1.8884689807891846,0.03321026638150215,0.028155555948615074,0.003955677151679993,0.029119202867150307,0.004091063514351845,OOD-Far 1 ms
173,0.7326799631118774,0.8559672832489014,4.366860866546631,1.7242587804794312,0.0285453200340271,5.960120677947998,1.7242592573165894,0.03896015137434006,0.025147737935185432,0.003397583030164242,0.03432295098900795,0.004637199454009533,OOD-Far 1 ms
174,1.1989467144012451,1.0949642658233643,7.1162004470825195,1.6814326047897339,0.034048520028591156,5.9353766441345215,1.6814326047897339,0.028398694470524788,0.02975171059370041,0.00429680896922946,0.024814873933792114,0.0035838198382407427,OOD-Far 1 ms
175,0.9330198764801025,0.9659295678138733,5.676087379455566,1.8102484941482544,0.030055880546569824,6.083564758300781,1.8102481365203857,0.032213546335697174,0.026386432349681854,0.0036694477312266827,0.028280675411224365,0.0039328718557953835,OOD-Far 1 ms
176,0.8002133965492249,0.8945464491844177,4.465307712554932,1.4404406547546387,0.02957807667553425,5.580146312713623,1.4404406547546387,0.036962736397981644,0.026025714352726936,0.003552362322807312,0.032523468136787415,0.0044392687268555164,OOD-Far 1 ms
177,0.979865550994873,0.9898815751075745,5.465261936187744,1.4639664888381958,0.03503907471895218,5.577563285827637,1.4639664888381958,0.03575906530022621,0.030552156269550323,0.004486920312047005,0.031179947778582573,0.004579118452966213,OOD-Far 1 ms
178,0.7870405912399292,0.8871530890464783,4.510357856750488,1.5965760946273804,0.02880321815609932,5.730781078338623,1.5965760946273804,0.036596864461898804,0.025365926325321198,0.0034372927621006966,0.032229501754045486,0.004367364104837179,OOD-Far 1 ms
179,1.0205960273742676,1.0102455615997314,5.83381462097168,1.5341216325759888,0.03239158168435097,5.716085910797119,1.5341216325759888,0.031737904995679855,0.028384102508425713,0.00400747824460268,0.02781130000948906,0.0039266059175133705,OOD-Far 1 ms
180,0.8361337184906006,0.91440349817276,4.998240947723389,1.75827956199646,0.030728260055184364,5.977800369262695,1.7582790851593018,0.03675041347742081,0.026926131919026375,0.003802128601819277,0.03220314159989357,0.004547273274511099,OOD-Far 1 ms
181,0.8885653614997864,0.9426374435424805,5.081694602966309,1.5545212030410767,0.028566734865307808,5.718987941741943,1.5545215606689453,0.03214927762746811,0.025097571313381195,0.0034691630862653255,0.028245048597455025,0.0039042294956743717,OOD-Far 1 ms
182,0.9425517320632935,0.9708510637283325,5.617869853973389,1.737933874130249,0.0315820537507534,5.960277080535889,1.737933874130249,0.03350697085261345,0.027670729905366898,0.00391132477670908,0.02935725264251232,0.004149719141423702,OOD-Far 1 ms
183,1.6082241535186768,1.268157720565796,9.003851890563965,1.4653232097625732,0.04958030581474304,5.598630905151367,1.4653232097625732,0.03082922473549843,0.0427502803504467,0.006830024532973766,0.02658228948712349,0.004246935714036226,OOD-Far 1 ms
184,0.782737135887146,0.8847243189811707,4.252506256103516,1.3339934349060059,0.030419008806347847,5.432867050170898,1.3339937925338745,0.038862355053424835,0.026729656383395195,0.0036893526557832956,0.03414895758032799,0.004713399335741997,OOD-Far 1 ms
185,1.0350708961486816,1.0173842906951904,6.060240745544434,1.6659257411956787,0.035109907388687134,5.854904651641846,1.665926218032837,0.0339202955365181,0.03066338784992695,0.004446520935744047,0.02962443232536316,0.0042958613485097885,OOD-Far 1 ms
186,0.9873356819152832,0.9936476945877075,5.108628273010254,1.098920226097107,0.030106689780950546,5.174155235290527,1.098920226097107,0.030492860823869705,0.026440788060426712,0.0036659014876931906,0.026779938489198685,0.0037129230331629515,OOD-Far 1 ms
187,1.0630769729614258,1.03105628490448,6.144591331481934,1.5928393602371216,0.034406162798404694,5.780004978179932,1.592839002609253,0.03236469626426697,0.030103329569101334,0.004302834626287222,0.028317168354988098,0.004047528840601444,OOD-Far 1 ms
188,1.0135446786880493,1.0067495107650757,6.069342136383057,1.7344329357147217,0.030521385371685028,5.98823356628418,1.734432578086853,0.03011350892484188,0.02687402255833149,0.003647363279014826,0.026514887809753418,0.003598621115088463,OOD-Far 1 ms
189,0.9460200667381287,0.9726356267929077,5.506672382354736,1.6204588413238525,0.030591357499361038,5.820882797241211,1.6204583644866943,0.03233690187335014,0.02687765285372734,0.003713704878464341,0.028411293402314186,0.003925608936697245,OOD-Far 1 ms
190,1.2115440368652344,1.1007015705108643,6.842270374298096,1.493177890777588,0.0356423445045948,5.647562503814697,1.493177890777588,0.02941894344985485,0.031093668192625046,0.004548676777631044,0.025664497166872025,0.0037544460501521826,OOD-Far 1 ms
191,0.7233925461769104,0.8505248427391052,3.865551710128784,1.215976357460022,0.025519873946905136,5.343643665313721,1.215976357460022,0.035278044641017914,0.022542912513017654,0.0029769609682261944,0.031162766739726067,0.00411527743563056,OOD-Far 1 ms
192,0.670006513595581,0.8185392618179321,4.286619663238525,2.0953681468963623,0.027498522773385048,6.397877216339111,2.095367908477783,0.04104217141866684,0.02424413338303566,0.0032543898560106754,0.036184921860694885,0.004857250954955816,OOD-Far 1 ms
193,0.7364434003829956,0.8581628203392029,4.238336086273193,1.5907459259033203,0.02875930815935135,5.755141258239746,1.590745210647583,0.03905162215232849,0.025293342769145966,0.003465965623036027,0.03434526547789574,0.004706357140094042,OOD-Far 1 ms
194,1.0350115299224854,1.01735520362854,6.320001125335693,1.842299461364746,0.030890975147485733,6.106213569641113,1.8422999382019043,0.02984602190554142,0.027043987065553665,0.003846988547593355,0.026129165664315224,0.003716855775564909,OOD-Far 1 ms
195,0.7851686477661133,0.8860974311828613,4.5256266593933105,1.579261064529419,0.029764918610453606,5.763891696929932,1.5792615413665771,0.037908948957920074,0.02617281675338745,0.0035921011585742235,0.03333400562405586,0.004574942402541637,OOD-Far 1 ms
196,0.9462851881980896,0.9727718830108643,5.41777229309082,1.5573383569717407,0.031127480790019035,5.725306034088135,1.557337999343872,0.03289439529180527,0.027309635654091835,0.0038178444374352694,0.028859836980700493,0.004034560173749924,OOD-Far 1 ms
197,0.8292269706726074,0.9106190204620361,4.659304141998291,1.4714456796646118,0.028741389513015747,5.618852615356445,1.4714460372924805,0.0346604622900486,0.025263454765081406,0.003477935679256916,0.030466271564364433,0.004194190260022879,OOD-Far 1 ms
198,0.6734954118728638,0.8206676840782166,3.9962377548217773,1.7084996700286865,0.024636225774884224,5.933578014373779,1.7084996700286865,0.03657964617013931,0.021821463480591774,0.0028147618286311626,0.03240031376481056,0.004179333336651325,OOD-Far 1 ms
199,1.1622742414474487,1.0780882835388184,7.149631977081299,1.8613373041152954,0.03319137170910835,6.15141487121582,1.861337661743164,0.02855726331472397,0.02912743017077446,0.0040639410726726055,0.02506072074174881,0.003496542340144515,OOD-Far 1 ms
